name,source,bytes,sha256
ACAD.LSP,D:\MEDConsolidate\MED-DEV\Support\ACAD.LSP,537,5E5AF8DE5369A350201F82BF0334688A936E1DED19B41ACD771F4199844C71BC
MEDCore.lsp,D:\MEDConsolidate\MED-DEV\Support\MEDCore.lsp,3795,452AC0FF785FCDB25A892C053E26E776B69D2D610037B40BF8AA39EC096D9999
MEDFunctions.lsp,D:\MEDConsolidate\MED2020\Support\MEDFunctions.lsp,90520,0FE3A8152D55C710DB16639732D46904B04BEAB752FC6D10E3AD48319D1D4D21
MEDDatabase.lsp,D:\MEDConsolidate\MED-DEV\Support\MEDDatabase.lsp,3708,CD1160D66BB34EFB54E4B86574649F75743FC489F6064F43B29FA4B24988DA04
MEDCableTray.lsp,D:\MEDConsolidate\MED-DEV\Support\MEDCableTray.lsp,68139,D9AB7EE30B8C340BE55B644BBE9462FCBD84BEF87AE29A024614535914030FDE
medtray.lsp,D:\MEDConsolidate\MED-DEV\Support\medtray.lsp,43103,CBB60735DF28DCB39AFC6227A11573B22A8E5A30D165DA2077B43A535B60D9FD
MED3DTrayFunctions.lsp,D:\MEDConsolidate\MED-DEV\Support\MED3DTrayFunctions.lsp,38674,7D374C2BDD1507211A283EFEE58F6AB4FCF5160DF8D8740F4427FBF2672CF564
MED3DCON.lsp,D:\MEDConsolidate\MEDNEW\LSP\MED3DCON.lsp,12009,847517009A6CD09521465E238897D3D3EABF06514711BD12DB31E1EC972953F4
MEDBuildXData.lsp,D:\MEDConsolidate\MED-DEV\Support\MEDBuildXData.lsp,6638,46702672E2E3482352049C7CBD00E0842CC6F26E780E1C0028A8F438FB6D1E69
MEDCommands.lsp,D:\MEDConsolidate\MED-DEV\Support\MEDCommands.lsp,36238,A43271D6DE610B0889A89F81B926524AF55403320C029175B97023709DCE2508
MEDMainDialogs-RedoWithCSharp.lsp,D:\MEDConsolidate\MED-DEV\Support\MEDMainDialogs.lsp,23243,4A940646D8B34AEC333C3441348AA5A9A56E84824CF115F2DCC663D39E1F50E7
medchg.lsp,D:\MEDConsolidate\MED-DEV\Support\medchg.lsp,40903,3B5896094FB83686A1BB0E2D3B82504E958B84A19BBB27FC7BEBFD16C2B09AD9
medtag.lsp,D:\MEDConsolidate\MED-DEV\Support\medtag.lsp,14732,7112333B66DEC353C8D5AD240CCD29BEDE6A4B2A8D3C480BF006F3D6F9334C07
medtext.lsp,D:\MEDConsolidate\MED-DEV\Support\medtext.lsp,35110,E3FCB087A69141C6901AFCDC2674449C78743700568D2F55EA1D41874D18DCD5
medutil.lsp,D:\MEDConsolidate\MED-DEV\Support\medutil.lsp,29352,F4AC8401EE556FAE5F1E8D66170A28873023AF9EFEB2839BFC450A3C92B1CF68
medcable.lsp,D:\MEDConsolidate\MED-DEV\Support\medcable.lsp,2131,7761D9F6A4A1E9118EFA72797BB3852B35ECB6467ED7FC16359CB50A8467B74C
medcon.lsp,D:\MEDConsolidate\MED-DEV\Support\medcon.lsp,9487,BD78FF7EB434D925CBC1B4E06C78CF88D4135EFA57D0233A2DD8AECBC3D4AD4B
medwire.lsp,D:\MEDConsolidate\MED-DEV\Support\medwire.lsp,4101,8E1D27771C9B091FBD52C0FE221BF5CEF69CDE87022260732ED1DD820FF77F68
MEDDim.lsp,D:\MEDConsolidate\MED-DEV\Support\MEDDim.lsp,5062,F65DE44EFB3B84A89502DB4B257253FA09D9470502596956E23683B334907474
meddetl.lsp,D:\MEDConsolidate\MED-DEV\Support\meddetl.lsp,8348,B41A3AA39D9AB8E59B44D638F0B6FAD0EE7ED7335947E701BDCDE4C2F6C96CD2
medsetup.lsp,D:\MEDConsolidate\MED-DEV\Support\medsetup.lsp,9151,01DDEC6B3F5FBA65BFDDCD4405545916308700499CA64CC96AF56225D707EDCB
medinser.lsp,D:\MEDConsolidate\MED-DEV\Support\medinser.lsp,19698,10246CD7DD958F40098B7E1CC5B587353F4CDD9D19E34ED74ECDA3304109FEE9
MED3DMisc.lsp,D:\MEDConsolidate\MED-DEV\Support\MED3DMisc.lsp,1764,61044EF2FD3FF2A730679964FAE9FC743DE19111D0592DC42E5E7542DB5F9F22
QKEY.lsp,D:\MEDConsolidate\MED-DEV\Support\QKEY.lsp,53213,ADBAD5BC556C268D1FDD75A33C3E756391DC46820D25093E679CECE60609B7CE
MEDVariables.lsp,D:\MEDConsolidate\MED2020\Support\MEDVariables.lsp,4357,66A1A7CE08CD85DE4CB6BF77E4C99389F750730E4D7F7B7A82599E96BBAD2475
MEDTextStyles.lsp,D:\MEDConsolidate\MED-DEV\Support\MEDTextStyles.lsp,1126,CAED023870F82850F64375FA8FEFD67A13BB1AC1A4E730625577CF2D42AA104F
CSharpAdd.lsp,D:\MEDConsolidate\MED-DEV\Support\CSharpAdd.lsp,84,BD401AA34E545A77BC612EED36C98186E625296C0D358D8941E99C61D60607E0
CAD001.dll,C:\Users\moore\Dropbox\Development\LDIS\Core\CAD001.dll,15872,79BAC2CB87E9B37F6F4AC85E5A023938EF6BF2A6453DD4430ADBEA680884925E
