ITEMCODE,ITEMDESC,ITEM_GRP,OD_in,Source
1,TYPE XHHW CROSS LINK COPPER BUILDING WIRE 1000MCM BLACK,Building Wire,1.312,https://encorewire-prod.imgix.net/media/products/product-sheets/copper/commercial/EncoreWire-CU-XHHW-2.pdf (Encore Wire XHHW-2 copper OD)
2,TYPE XHHW CROSS LINK COPPER BUILDING WIRE 750MCM BLACK,Building Wire,1.158,https://encorewire-prod.imgix.net/media/products/product-sheets/copper/commercial/EncoreWire-CU-XHHW-2.pdf (Encore Wire XHHW-2 copper OD)
3,TYPE XHHW CROSS LINK COPPER BUILDING WIRE 500MCM BLACK,Building Wire,0.896,https://encorewire-prod.imgix.net/media/products/product-sheets/copper/commercial/EncoreWire-CU-XHHW-2.pdf (Encore Wire XHHW-2 copper OD)
4,TYPE XHHW CROSS LINK COPPER BUILDING WIRE 350MCM BLACK,Building Wire,0.771,https://encorewire-prod.imgix.net/media/products/product-sheets/copper/commercial/EncoreWire-CU-XHHW-2.pdf (Encore Wire XHHW-2 copper OD)
5,TYPE XHHW CROSS LINK COPPER BUILDING WIRE 300MCM BLACK,Building Wire,0.724,https://encorewire-prod.imgix.net/media/products/product-sheets/copper/commercial/EncoreWire-CU-XHHW-2.pdf (Encore Wire XHHW-2 copper OD)
6,TYPE XHHW CROSS LINK COPPER BUILDING WIRE 250MCM BLACK,Building Wire,0.672,https://encorewire-prod.imgix.net/media/products/product-sheets/copper/commercial/EncoreWire-CU-XHHW-2.pdf (Encore Wire XHHW-2 copper OD)
7,TYPE XHHW CROSS LINK COPPER BUILDING WIRE 4/0 BLACK,Building Wire,0.62,https://encorewire-prod.imgix.net/media/products/product-sheets/copper/commercial/EncoreWire-CU-XHHW-2.pdf (Encore Wire XHHW-2 copper OD)
8,TYPE XHHW CROSS LINK COPPER BUILDING WIRE 3/0 BLACK,Building Wire,0.564,https://encorewire-prod.imgix.net/media/products/product-sheets/copper/commercial/EncoreWire-CU-XHHW-2.pdf (Encore Wire XHHW-2 copper OD)
9,TYPE XHHW CROSS LINK COPPER BUILDING WIRE 2/0 BLACK,Building Wire,0.514,https://encorewire-prod.imgix.net/media/products/product-sheets/copper/commercial/EncoreWire-CU-XHHW-2.pdf (Encore Wire XHHW-2 copper OD)
10,TYPE XHHW CROSS LINK COPPER BUILDING WIRE 1/0 BLACK,Building Wire,0.47,https://encorewire-prod.imgix.net/media/products/product-sheets/copper/commercial/EncoreWire-CU-XHHW-2.pdf (Encore Wire XHHW-2 copper OD)
11,TYPE XHHW CROSS LINK COPPER BUILDING WIRE #1 BLACK,Building Wire,0.431,https://encorewire-prod.imgix.net/media/products/product-sheets/copper/commercial/EncoreWire-CU-XHHW-2.pdf (Encore Wire XHHW-2 copper OD)
12,TYPE XHHW CROSS LINK COPPER BUILDING WIRE #2 BLACK,Building Wire,0.382,https://encorewire-prod.imgix.net/media/products/product-sheets/copper/commercial/EncoreWire-CU-XHHW-2.pdf (Encore Wire XHHW-2 copper OD)
13,TYPE XHHW CROSS LINK COPPER BUILDING WIRE #4 BLACK,Building Wire,0.322,https://encorewire-prod.imgix.net/media/products/product-sheets/copper/commercial/EncoreWire-CU-XHHW-2.pdf (Encore Wire XHHW-2 copper OD)
14,TYPE XHHW CROSS LINK COPPER BUILDING WIRE #6 BLACK,Building Wire,0.274,https://encorewire-prod.imgix.net/media/products/product-sheets/copper/commercial/EncoreWire-CU-XHHW-2.pdf (Encore Wire XHHW-2 copper OD)
15,TYPE XHHW CROSS LINK COPPER BUILDING WIRE #8 BLACK,Building Wire,0.236,https://encorewire-prod.imgix.net/media/products/product-sheets/copper/commercial/EncoreWire-CU-XHHW-2.pdf (Encore Wire XHHW-2 copper OD)
16,TYPE XHHW CROSS LINK COPPER BUILDING WIRE #10 BLACK,Building Wire,0.173,https://encorewire-prod.imgix.net/media/products/product-sheets/copper/commercial/EncoreWire-CU-XHHW-2.pdf (Encore Wire XHHW-2 copper OD)
17,TYPE XHHW CROSS LINK COPPER BUILDING WIRE #10 WHITE,Building Wire,0.173,https://encorewire-prod.imgix.net/media/products/product-sheets/copper/commercial/EncoreWire-CU-XHHW-2.pdf (Encore Wire XHHW-2 copper OD)
18,TYPE XHHW CROSS LINK COPPER BUILDING WIRE #10 RED,Building Wire,0.173,https://encorewire-prod.imgix.net/media/products/product-sheets/copper/commercial/EncoreWire-CU-XHHW-2.pdf (Encore Wire XHHW-2 copper OD)
19,TYPE XHHW CROSS LINK COPPER BUILDING WIRE #10 BLUE,Building Wire,0.173,https://encorewire-prod.imgix.net/media/products/product-sheets/copper/commercial/EncoreWire-CU-XHHW-2.pdf (Encore Wire XHHW-2 copper OD)
20,TYPE XHHW CROSS LINK COPPER BUILDING WIRE #10 GREEN,Building Wire,0.173,https://encorewire-prod.imgix.net/media/products/product-sheets/copper/commercial/EncoreWire-CU-XHHW-2.pdf (Encore Wire XHHW-2 copper OD)
21,TYPE XHHW CROSS LINK COPPER BUILDING WIRE #10 BROWN,Building Wire,0.173,https://encorewire-prod.imgix.net/media/products/product-sheets/copper/commercial/EncoreWire-CU-XHHW-2.pdf (Encore Wire XHHW-2 copper OD)
22,TYPE XHHW CROSS LINK COPPER BUILDING WIRE #10 YELLOW,Building Wire,0.173,https://encorewire-prod.imgix.net/media/products/product-sheets/copper/commercial/EncoreWire-CU-XHHW-2.pdf (Encore Wire XHHW-2 copper OD)
23,TYPE XHHW CROSS LINK COPPER BUILDING WIRE #10 ORANGE,Building Wire,0.173,https://encorewire-prod.imgix.net/media/products/product-sheets/copper/commercial/EncoreWire-CU-XHHW-2.pdf (Encore Wire XHHW-2 copper OD)
24,TYPE XHHW CROSS LINK COPPER BUILDING WIRE #12 BLACK,Building Wire,0.15,https://encorewire-prod.imgix.net/media/products/product-sheets/copper/commercial/EncoreWire-CU-XHHW-2.pdf (Encore Wire XHHW-2 copper OD)
25,TYPE XHHW CROSS LINK COPPER BUILDING WIRE #12 WHITE,Building Wire,0.15,https://encorewire-prod.imgix.net/media/products/product-sheets/copper/commercial/EncoreWire-CU-XHHW-2.pdf (Encore Wire XHHW-2 copper OD)
26,TYPE XHHW CROSS LINK COPPER BUILDING WIRE #12 REDK,Building Wire,0.15,https://encorewire-prod.imgix.net/media/products/product-sheets/copper/commercial/EncoreWire-CU-XHHW-2.pdf (Encore Wire XHHW-2 copper OD)
27,TYPE XHHW CROSS LINK COPPER BUILDING WIRE #12 BLUE,Building Wire,0.15,https://encorewire-prod.imgix.net/media/products/product-sheets/copper/commercial/EncoreWire-CU-XHHW-2.pdf (Encore Wire XHHW-2 copper OD)
28,TYPE XHHW CROSS LINK COPPER BUILDING WIRE #12 GREEN,Building Wire,0.15,https://encorewire-prod.imgix.net/media/products/product-sheets/copper/commercial/EncoreWire-CU-XHHW-2.pdf (Encore Wire XHHW-2 copper OD)
29,TYPE XHHW CROSS LINK COPPER BUILDING WIRE #12 BROWN,Building Wire,0.15,https://encorewire-prod.imgix.net/media/products/product-sheets/copper/commercial/EncoreWire-CU-XHHW-2.pdf (Encore Wire XHHW-2 copper OD)
30,TYPE XHHW CROSS LINK COPPER BUILDING WIRE #12 YELLOW,Building Wire,0.15,https://encorewire-prod.imgix.net/media/products/product-sheets/copper/commercial/EncoreWire-CU-XHHW-2.pdf (Encore Wire XHHW-2 copper OD)
31,TYPE XHHW CROSS LINK COPPER BUILDING WIRE #12 ORANGE,Building Wire,0.15,https://encorewire-prod.imgix.net/media/products/product-sheets/copper/commercial/EncoreWire-CU-XHHW-2.pdf (Encore Wire XHHW-2 copper OD)
32,TYPE XHHW CROSS LINK COPPER BUILDING WIRE #14 BLACK,Building Wire,0.131,https://encorewire-prod.imgix.net/media/products/product-sheets/copper/commercial/EncoreWire-CU-XHHW-2.pdf (Encore Wire XHHW-2 copper OD)
33,TYPE XHHW CROSS LINK COPPER BUILDING WIRE #14 WHITE,Building Wire,0.131,https://encorewire-prod.imgix.net/media/products/product-sheets/copper/commercial/EncoreWire-CU-XHHW-2.pdf (Encore Wire XHHW-2 copper OD)
34,TYPE XHHW CROSS LINK COPPER BUILDING WIRE #14 RED,Building Wire,0.131,https://encorewire-prod.imgix.net/media/products/product-sheets/copper/commercial/EncoreWire-CU-XHHW-2.pdf (Encore Wire XHHW-2 copper OD)
35,TYPE XHHW CROSS LINK COPPER BUILDING WIRE #14 BLUE,Building Wire,0.131,https://encorewire-prod.imgix.net/media/products/product-sheets/copper/commercial/EncoreWire-CU-XHHW-2.pdf (Encore Wire XHHW-2 copper OD)
36,TYPE XHHW CROSS LINK COPPER BUILDING WIRE #14 GREEN,Building Wire,0.131,https://encorewire-prod.imgix.net/media/products/product-sheets/copper/commercial/EncoreWire-CU-XHHW-2.pdf (Encore Wire XHHW-2 copper OD)
37,TYPE XHHW CROSS LINK COPPER BUILDING WIRE #14 ORANGE,Building Wire,0.131,https://encorewire-prod.imgix.net/media/products/product-sheets/copper/commercial/EncoreWire-CU-XHHW-2.pdf (Encore Wire XHHW-2 copper OD)
38,TYPE XHHW CROSS LINK COPPER BUILDING WIRE #14 YELLOW,Building Wire,0.131,https://encorewire-prod.imgix.net/media/products/product-sheets/copper/commercial/EncoreWire-CU-XHHW-2.pdf (Encore Wire XHHW-2 copper OD)
39,TYPE XHHW CROSS LINK COPPER BUILDING WIRE #14 BROWN,Building Wire,0.131,https://encorewire-prod.imgix.net/media/products/product-sheets/copper/commercial/EncoreWire-CU-XHHW-2.pdf (Encore Wire XHHW-2 copper OD)
40,TYPE THW COPPER BUILDING WIRE 1000MCM BLACK,Building Wire,1.372,https://encorewire-prod.imgix.net/media/products/product-sheets/copper/commercial/EncoreWire-CU-THW2.pdf (Encore Wire THW-2 copper OD)
41,TYPE THW COPPER BUILDING WIRE 750MCM BLACK,Building Wire,1.218,https://encorewire-prod.imgix.net/media/products/product-sheets/copper/commercial/EncoreWire-CU-THW2.pdf (Encore Wire THW-2 copper OD)
42,TYPE THW COPPER BUILDING WIRE 600MCM BLACK,Building Wire,1.113,https://encorewire-prod.imgix.net/media/products/product-sheets/copper/commercial/EncoreWire-CU-THW2.pdf (Encore Wire THW-2 copper OD)
43,TYPE THW COPPER BUILDING WIRE 500MCM BLACK,Building Wire,0.956,https://encorewire-prod.imgix.net/media/products/product-sheets/copper/commercial/EncoreWire-CU-THW2.pdf (Encore Wire THW-2 copper OD)
44,TYPE THW COPPER BUILDING WIRE 400MCM BLACK,Building Wire,0.875,https://encorewire-prod.imgix.net/media/products/product-sheets/copper/commercial/EncoreWire-CU-THW2.pdf (Encore Wire THW-2 copper OD)
45,TYPE THW COPPER BUILDING WIRE 350MCM BLACK,Building Wire,0.831,https://encorewire-prod.imgix.net/media/products/product-sheets/copper/commercial/EncoreWire-CU-THW2.pdf (Encore Wire THW-2 copper OD)
46,TYPE THW COPPER BUILDING WIRE 300MCM BLACK,Building Wire,0.784,https://encorewire-prod.imgix.net/media/products/product-sheets/copper/commercial/EncoreWire-CU-THW2.pdf (Encore Wire THW-2 copper OD)
47,TYPE THW COPPER BUILDING WIRE 250MCM BLACK,Building Wire,0.732,https://encorewire-prod.imgix.net/media/products/product-sheets/copper/commercial/EncoreWire-CU-THW2.pdf (Encore Wire THW-2 copper OD)
48,TYPE THW COPPER BUILDING WIRE 4/0 BLACK,Building Wire,0.67,https://encorewire-prod.imgix.net/media/products/product-sheets/copper/commercial/EncoreWire-CU-THW2.pdf (Encore Wire THW-2 copper OD)
49,TYPE THW COPPER BUILDING WIRE 3/0 BLACK,Building Wire,0.614,https://encorewire-prod.imgix.net/media/products/product-sheets/copper/commercial/EncoreWire-CU-THW2.pdf (Encore Wire THW-2 copper OD)
50,TYPE THW COPPER BUILDING WIRE 2/0 BLACK,Building Wire,0.564,https://encorewire-prod.imgix.net/media/products/product-sheets/copper/commercial/EncoreWire-CU-THW2.pdf (Encore Wire THW-2 copper OD)
51,TYPE THW COPPER BUILDING WIRE 1/0 BLACK,Building Wire,0.52,https://encorewire-prod.imgix.net/media/products/product-sheets/copper/commercial/EncoreWire-CU-THW2.pdf (Encore Wire THW-2 copper OD)
52,TYPE THW COPPER BUILDING WIRE #1 BLACK,Building Wire,0.481,https://encorewire-prod.imgix.net/media/products/product-sheets/copper/commercial/EncoreWire-CU-THW2.pdf (Encore Wire THW-2 copper OD)
53,TYPE THW COPPER BUILDING WIRE #2 BLACK,Building Wire,0.412,https://encorewire-prod.imgix.net/media/products/product-sheets/copper/commercial/EncoreWire-CU-THW2.pdf (Encore Wire THW-2 copper OD)
54,TYPE THW COPPER BUILDING WIRE #2 WHITE,Building Wire,0.412,https://encorewire-prod.imgix.net/media/products/product-sheets/copper/commercial/EncoreWire-CU-THW2.pdf (Encore Wire THW-2 copper OD)
55,TYPE THW COPPER BUILDING WIRE #2 RED,Building Wire,0.412,https://encorewire-prod.imgix.net/media/products/product-sheets/copper/commercial/EncoreWire-CU-THW2.pdf (Encore Wire THW-2 copper OD)
56,TYPE THW COPPER BUILDING WIRE #3 BLACK,Building Wire,0.38,https://encorewire-prod.imgix.net/media/products/product-sheets/copper/commercial/EncoreWire-CU-THW2.pdf (Encore Wire THW-2 copper OD)
57,TYPE THW COPPER BUILDING WIRE #3 WHITE,Building Wire,0.38,https://encorewire-prod.imgix.net/media/products/product-sheets/copper/commercial/EncoreWire-CU-THW2.pdf (Encore Wire THW-2 copper OD)
58,TYPE THW COPPER BUILDING WIRE #3 RED,Building Wire,0.38,https://encorewire-prod.imgix.net/media/products/product-sheets/copper/commercial/EncoreWire-CU-THW2.pdf (Encore Wire THW-2 copper OD)
59,TYPE THW COPPER BUILDING WIRE #4 BLACK,Building Wire,0.352,https://encorewire-prod.imgix.net/media/products/product-sheets/copper/commercial/EncoreWire-CU-THW2.pdf (Encore Wire THW-2 copper OD)
60,TYPE THW COPPER BUILDING WIRE #4 WHITE,Building Wire,0.352,https://encorewire-prod.imgix.net/media/products/product-sheets/copper/commercial/EncoreWire-CU-THW2.pdf (Encore Wire THW-2 copper OD)
61,TYPE THW COPPER BUILDING WIRE #4 RED,Building Wire,0.352,https://encorewire-prod.imgix.net/media/products/product-sheets/copper/commercial/EncoreWire-CU-THW2.pdf (Encore Wire THW-2 copper OD)
62,TYPE THW COPPER BUILDING WIRE #6 BLACK,Building Wire,0.304,https://encorewire-prod.imgix.net/media/products/product-sheets/copper/commercial/EncoreWire-CU-THW2.pdf (Encore Wire THW-2 copper OD)
63,TYPE THW COPPER BUILDING WIRE #6 WHITE,Building Wire,0.304,https://encorewire-prod.imgix.net/media/products/product-sheets/copper/commercial/EncoreWire-CU-THW2.pdf (Encore Wire THW-2 copper OD)
64,TYPE THW COPPER BUILDING WIRE #6 RED,Building Wire,0.304,https://encorewire-prod.imgix.net/media/products/product-sheets/copper/commercial/EncoreWire-CU-THW2.pdf (Encore Wire THW-2 copper OD)
65,TYPE THW COPPER BUILDING WIRE #8 BLACK,Building Wire,0.236,https://encorewire-prod.imgix.net/media/products/product-sheets/copper/commercial/EncoreWire-CU-THW2.pdf (Encore Wire THW-2 copper OD)
66,TYPE THW COPPER BUILDING WIRE #8 WHITE,Building Wire,0.236,https://encorewire-prod.imgix.net/media/products/product-sheets/copper/commercial/EncoreWire-CU-THW2.pdf (Encore Wire THW-2 copper OD)
67,TYPE THW COPPER BUILDING WIRE #8 RED,Building Wire,0.236,https://encorewire-prod.imgix.net/media/products/product-sheets/copper/commercial/EncoreWire-CU-THW2.pdf (Encore Wire THW-2 copper OD)
68,TYPE THW COPPER BUILDING WIRE #8 BLUE,Building Wire,0.236,https://encorewire-prod.imgix.net/media/products/product-sheets/copper/commercial/EncoreWire-CU-THW2.pdf (Encore Wire THW-2 copper OD)
69,TYPE THW COPPER BUILDING WIRE #10 BLACK,Building Wire,0.173,https://encorewire-prod.imgix.net/media/products/product-sheets/copper/commercial/EncoreWire-CU-THW2.pdf (Encore Wire THW-2 copper OD)
70,TYPE THW COPPER BUILDING WIRE #10 WHITE,Building Wire,0.173,https://encorewire-prod.imgix.net/media/products/product-sheets/copper/commercial/EncoreWire-CU-THW2.pdf (Encore Wire THW-2 copper OD)
71,TYPE THW COPPER BUILDING WIRE #10 RED,Building Wire,0.173,https://encorewire-prod.imgix.net/media/products/product-sheets/copper/commercial/EncoreWire-CU-THW2.pdf (Encore Wire THW-2 copper OD)
72,TYPE THW COPPER BUILDING WIRE #10 BLUE,Building Wire,0.173,https://encorewire-prod.imgix.net/media/products/product-sheets/copper/commercial/EncoreWire-CU-THW2.pdf (Encore Wire THW-2 copper OD)
73,TYPE THW COPPER BUILDING WIRE #12 BLACK,Building Wire,0.15,https://encorewire-prod.imgix.net/media/products/product-sheets/copper/commercial/EncoreWire-CU-THW2.pdf (Encore Wire THW-2 copper OD)
74,TYPE THW COPPER BUILDING WIRE #12 WHITE,Building Wire,0.15,https://encorewire-prod.imgix.net/media/products/product-sheets/copper/commercial/EncoreWire-CU-THW2.pdf (Encore Wire THW-2 copper OD)
75,TYPE THW COPPER BUILDING WIRE #12 RED,Building Wire,0.15,https://encorewire-prod.imgix.net/media/products/product-sheets/copper/commercial/EncoreWire-CU-THW2.pdf (Encore Wire THW-2 copper OD)
76,TYPE THW COPPER BUILDING WIRE #12 BLUE,Building Wire,0.15,https://encorewire-prod.imgix.net/media/products/product-sheets/copper/commercial/EncoreWire-CU-THW2.pdf (Encore Wire THW-2 copper OD)
77,TYPE THW COPPER BUILDING WIRE #12 GREEN,Building Wire,0.15,https://encorewire-prod.imgix.net/media/products/product-sheets/copper/commercial/EncoreWire-CU-THW2.pdf (Encore Wire THW-2 copper OD)
78,TYPE THW COPPER BUILDING WIRE #12 ORANGE,Building Wire,0.15,https://encorewire-prod.imgix.net/media/products/product-sheets/copper/commercial/EncoreWire-CU-THW2.pdf (Encore Wire THW-2 copper OD)
79,TYPE THW COPPER BUILDING WIRE #12 BROWN,Building Wire,0.15,https://encorewire-prod.imgix.net/media/products/product-sheets/copper/commercial/EncoreWire-CU-THW2.pdf (Encore Wire THW-2 copper OD)
80,TYPE THW COPPER BUILDING WIRE #12 YELLOW,Building Wire,0.15,https://encorewire-prod.imgix.net/media/products/product-sheets/copper/commercial/EncoreWire-CU-THW2.pdf (Encore Wire THW-2 copper OD)
81,TYPE THW COPPER BUILDING WIRE #12 PURPLE,Building Wire,0.15,https://encorewire-prod.imgix.net/media/products/product-sheets/copper/commercial/EncoreWire-CU-THW2.pdf (Encore Wire THW-2 copper OD)
82,TYPE THW COPPER BUILDING WIRE #14 BLACK,Building Wire,0.131,https://encorewire-prod.imgix.net/media/products/product-sheets/copper/commercial/EncoreWire-CU-THW2.pdf (Encore Wire THW-2 copper OD)
83,TYPE THW COPPER BUILDING WIRE #14 WHITE,Building Wire,0.131,https://encorewire-prod.imgix.net/media/products/product-sheets/copper/commercial/EncoreWire-CU-THW2.pdf (Encore Wire THW-2 copper OD)
84,TYPE THW COPPER BUILDING WIRE #14 RED,Building Wire,0.131,https://encorewire-prod.imgix.net/media/products/product-sheets/copper/commercial/EncoreWire-CU-THW2.pdf (Encore Wire THW-2 copper OD)
85,TYPE THW COPPER BUILDING WIRE #14 BLUE,Building Wire,0.131,https://encorewire-prod.imgix.net/media/products/product-sheets/copper/commercial/EncoreWire-CU-THW2.pdf (Encore Wire THW-2 copper OD)
86,TYPE THW COPPER BUILDING WIRE #14 GREEN,Building Wire,0.131,https://encorewire-prod.imgix.net/media/products/product-sheets/copper/commercial/EncoreWire-CU-THW2.pdf (Encore Wire THW-2 copper OD)
87,TYPE THW COPPER BUILDING WIRE #14 ORANGE,Building Wire,0.131,https://encorewire-prod.imgix.net/media/products/product-sheets/copper/commercial/EncoreWire-CU-THW2.pdf (Encore Wire THW-2 copper OD)
88,TYPE THW COPPER BUILDING WIRE #14 BROWN,Building Wire,0.131,https://encorewire-prod.imgix.net/media/products/product-sheets/copper/commercial/EncoreWire-CU-THW2.pdf (Encore Wire THW-2 copper OD)
89,TYPE THW COPPER BUILDING WIRE #14 YELLOW,Building Wire,0.131,https://encorewire-prod.imgix.net/media/products/product-sheets/copper/commercial/EncoreWire-CU-THW2.pdf (Encore Wire THW-2 copper OD)
90,TYPE THW COPPER BUILDING WIRE #14 PURPLE,Building Wire,0.131,https://encorewire-prod.imgix.net/media/products/product-sheets/copper/commercial/EncoreWire-CU-THW2.pdf (Encore Wire THW-2 copper OD)
97,TYPE THWN COPPER BUILDING WIRE 750MCM BLACK,Building Wire,1.126,"https://default.assets-stateelectric-prod.roccommercecloud.com/assets%2Fd2fb6576aa3bcdf239f5a6b6eb080e1f/southwire_55617107_specification_sheet.pdf (Southwire SIMpull THHN/THWN-2, stranded nominal O.D.)"
98,TYPE THWN COPPER BUILDING WIRE 600MCM BLACK,Building Wire,1.024,"https://default.assets-stateelectric-prod.roccommercecloud.com/assets%2Fd2fb6576aa3bcdf239f5a6b6eb080e1f/southwire_55617107_specification_sheet.pdf (Southwire SIMpull THHN/THWN-2, stranded nominal O.D.)"
99,TYPE THWN COPPER BUILDING WIRE 500MCM BLACK,Building Wire,0.926,"https://default.assets-stateelectric-prod.roccommercecloud.com/assets%2Fd2fb6576aa3bcdf239f5a6b6eb080e1f/southwire_55617107_specification_sheet.pdf (Southwire SIMpull THHN/THWN-2, stranded nominal O.D.)"
100,TYPE THWN COPPER BUILDING WIRE 400MCM BLACK,Building Wire,0.842,"https://default.assets-stateelectric-prod.roccommercecloud.com/assets%2Fd2fb6576aa3bcdf239f5a6b6eb080e1f/southwire_55617107_specification_sheet.pdf (Southwire SIMpull THHN/THWN-2, stranded nominal O.D.)"
101,TYPE THWN COPPER BUILDING WIRE 350MCM BLACK,Building Wire,0.797,"https://default.assets-stateelectric-prod.roccommercecloud.com/assets%2Fd2fb6576aa3bcdf239f5a6b6eb080e1f/southwire_55617107_specification_sheet.pdf (Southwire SIMpull THHN/THWN-2, stranded nominal O.D.)"
102,TYPE THWN COPPER BUILDING WIRE 300MCM BLACK,Building Wire,0.747,"https://default.assets-stateelectric-prod.roccommercecloud.com/assets%2Fd2fb6576aa3bcdf239f5a6b6eb080e1f/southwire_55617107_specification_sheet.pdf (Southwire SIMpull THHN/THWN-2, stranded nominal O.D.)"
103,TYPE THWN COPPER BUILDING WIRE 250MCM BLACK,Building Wire,0.694,"https://default.assets-stateelectric-prod.roccommercecloud.com/assets%2Fd2fb6576aa3bcdf239f5a6b6eb080e1f/southwire_55617107_specification_sheet.pdf (Southwire SIMpull THHN/THWN-2, stranded nominal O.D.)"
104,TYPE THWN COPPER BUILDING WIRE 4/0 BLACK,Building Wire,0.624,"https://default.assets-stateelectric-prod.roccommercecloud.com/assets%2Fd2fb6576aa3bcdf239f5a6b6eb080e1f/southwire_55617107_specification_sheet.pdf (Southwire SIMpull THHN/THWN-2, stranded nominal O.D.)"
105,TYPE THWN COPPER BUILDING WIRE 3/0 BLACK,Building Wire,0.568,"https://default.assets-stateelectric-prod.roccommercecloud.com/assets%2Fd2fb6576aa3bcdf239f5a6b6eb080e1f/southwire_55617107_specification_sheet.pdf (Southwire SIMpull THHN/THWN-2, stranded nominal O.D.)"
106,TYPE THWN COPPER BUILDING WIRE 2/0 BLACK,Building Wire,0.518,"https://default.assets-stateelectric-prod.roccommercecloud.com/assets%2Fd2fb6576aa3bcdf239f5a6b6eb080e1f/southwire_55617107_specification_sheet.pdf (Southwire SIMpull THHN/THWN-2, stranded nominal O.D.)"
107,TYPE THWN COPPER BUILDING WIRE 1/0 BLACK,Building Wire,0.474,"https://default.assets-stateelectric-prod.roccommercecloud.com/assets%2Fd2fb6576aa3bcdf239f5a6b6eb080e1f/southwire_55617107_specification_sheet.pdf (Southwire SIMpull THHN/THWN-2, stranded nominal O.D.)"
108,TYPE THWN COPPER BUILDING WIRE #1 BLACK,Building Wire,0.435,"https://default.assets-stateelectric-prod.roccommercecloud.com/assets%2Fd2fb6576aa3bcdf239f5a6b6eb080e1f/southwire_55617107_specification_sheet.pdf (Southwire SIMpull THHN/THWN-2, stranded nominal O.D.)"
109,TYPE THWN COPPER BUILDING WIRE #2 BLACK,Building Wire,0.378,"https://default.assets-stateelectric-prod.roccommercecloud.com/assets%2Fd2fb6576aa3bcdf239f5a6b6eb080e1f/southwire_55617107_specification_sheet.pdf (Southwire SIMpull THHN/THWN-2, stranded nominal O.D.)"
110,TYPE THWN COPPER BUILDING WIRE #3 BLACK,Building Wire,0.346,"https://default.assets-stateelectric-prod.roccommercecloud.com/assets%2Fd2fb6576aa3bcdf239f5a6b6eb080e1f/southwire_55617107_specification_sheet.pdf (Southwire SIMpull THHN/THWN-2, stranded nominal O.D.)"
111,TYPE THWN COPPER BUILDING WIRE #4 BLACK,Building Wire,0.318,"https://default.assets-stateelectric-prod.roccommercecloud.com/assets%2Fd2fb6576aa3bcdf239f5a6b6eb080e1f/southwire_55617107_specification_sheet.pdf (Southwire SIMpull THHN/THWN-2, stranded nominal O.D.)"
112,TYPE THWN COPPER BUILDING WIRE #4 WHITE,Building Wire,0.318,"https://default.assets-stateelectric-prod.roccommercecloud.com/assets%2Fd2fb6576aa3bcdf239f5a6b6eb080e1f/southwire_55617107_specification_sheet.pdf (Southwire SIMpull THHN/THWN-2, stranded nominal O.D.)"
113,TYPE THWN COPPER BUILDING WIRE #4 RED,Building Wire,0.318,"https://default.assets-stateelectric-prod.roccommercecloud.com/assets%2Fd2fb6576aa3bcdf239f5a6b6eb080e1f/southwire_55617107_specification_sheet.pdf (Southwire SIMpull THHN/THWN-2, stranded nominal O.D.)"
114,TYPE THWN COPPER BUILDING WIRE #6 BLACK,Building Wire,0.249,"https://default.assets-stateelectric-prod.roccommercecloud.com/assets%2Fd2fb6576aa3bcdf239f5a6b6eb080e1f/southwire_55617107_specification_sheet.pdf (Southwire SIMpull THHN/THWN-2, stranded nominal O.D.)"
115,TYPE THWN COPPER BUILDING WIRE #6 WHITE,Building Wire,0.249,"https://default.assets-stateelectric-prod.roccommercecloud.com/assets%2Fd2fb6576aa3bcdf239f5a6b6eb080e1f/southwire_55617107_specification_sheet.pdf (Southwire SIMpull THHN/THWN-2, stranded nominal O.D.)"
116,TYPE THWN COPPER BUILDING WIRE #6 RED,Building Wire,0.249,"https://default.assets-stateelectric-prod.roccommercecloud.com/assets%2Fd2fb6576aa3bcdf239f5a6b6eb080e1f/southwire_55617107_specification_sheet.pdf (Southwire SIMpull THHN/THWN-2, stranded nominal O.D.)"
117,TYPE THWN COPPER BUILDING WIRE #6 BLUE,Building Wire,0.249,"https://default.assets-stateelectric-prod.roccommercecloud.com/assets%2Fd2fb6576aa3bcdf239f5a6b6eb080e1f/southwire_55617107_specification_sheet.pdf (Southwire SIMpull THHN/THWN-2, stranded nominal O.D.)"
118,TYPE THWN COPPER BUILDING WIRE #8 BLACK,Building Wire,0.213,"https://default.assets-stateelectric-prod.roccommercecloud.com/assets%2Fd2fb6576aa3bcdf239f5a6b6eb080e1f/southwire_55617107_specification_sheet.pdf (Southwire SIMpull THHN/THWN-2, stranded nominal O.D.)"
119,TYPE THWN COPPER BUILDING WIRE #8 WHITE,Building Wire,0.213,"https://default.assets-stateelectric-prod.roccommercecloud.com/assets%2Fd2fb6576aa3bcdf239f5a6b6eb080e1f/southwire_55617107_specification_sheet.pdf (Southwire SIMpull THHN/THWN-2, stranded nominal O.D.)"
120,TYPE THWN COPPER BUILDING WIRE #8 RED,Building Wire,0.213,"https://default.assets-stateelectric-prod.roccommercecloud.com/assets%2Fd2fb6576aa3bcdf239f5a6b6eb080e1f/southwire_55617107_specification_sheet.pdf (Southwire SIMpull THHN/THWN-2, stranded nominal O.D.)"
121,TYPE THWN COPPER BUILDING WIRE #8 BLUE,Building Wire,0.213,"https://default.assets-stateelectric-prod.roccommercecloud.com/assets%2Fd2fb6576aa3bcdf239f5a6b6eb080e1f/southwire_55617107_specification_sheet.pdf (Southwire SIMpull THHN/THWN-2, stranded nominal O.D.)"
122,TYPE THWN COPPER BUILDING WIRE #10 BLACK,Building Wire,0.161,"https://default.assets-stateelectric-prod.roccommercecloud.com/assets%2Fd2fb6576aa3bcdf239f5a6b6eb080e1f/southwire_55617107_specification_sheet.pdf (Southwire SIMpull THHN/THWN-2, stranded nominal O.D.)"
123,TYPE THWN COPPER BUILDING WIRE #10 WHITE,Building Wire,0.161,"https://default.assets-stateelectric-prod.roccommercecloud.com/assets%2Fd2fb6576aa3bcdf239f5a6b6eb080e1f/southwire_55617107_specification_sheet.pdf (Southwire SIMpull THHN/THWN-2, stranded nominal O.D.)"
124,TYPE THWN COPPER BUILDING WIRE #10 RED,Building Wire,0.161,"https://default.assets-stateelectric-prod.roccommercecloud.com/assets%2Fd2fb6576aa3bcdf239f5a6b6eb080e1f/southwire_55617107_specification_sheet.pdf (Southwire SIMpull THHN/THWN-2, stranded nominal O.D.)"
125,TYPE THWN COPPER BUILDING WIRE #10 BLUE,Building Wire,0.161,"https://default.assets-stateelectric-prod.roccommercecloud.com/assets%2Fd2fb6576aa3bcdf239f5a6b6eb080e1f/southwire_55617107_specification_sheet.pdf (Southwire SIMpull THHN/THWN-2, stranded nominal O.D.)"
126,TYPE THWN COPPER BUILDING WIRE #10 GREEN,Building Wire,0.161,"https://default.assets-stateelectric-prod.roccommercecloud.com/assets%2Fd2fb6576aa3bcdf239f5a6b6eb080e1f/southwire_55617107_specification_sheet.pdf (Southwire SIMpull THHN/THWN-2, stranded nominal O.D.)"
127,TYPE THWN COPPER BUILDING WIRE #10 ORANGE,Building Wire,0.161,"https://default.assets-stateelectric-prod.roccommercecloud.com/assets%2Fd2fb6576aa3bcdf239f5a6b6eb080e1f/southwire_55617107_specification_sheet.pdf (Southwire SIMpull THHN/THWN-2, stranded nominal O.D.)"
128,TYPE THWN COPPER BUILDING WIRE #10 BROWN,Building Wire,0.161,"https://default.assets-stateelectric-prod.roccommercecloud.com/assets%2Fd2fb6576aa3bcdf239f5a6b6eb080e1f/southwire_55617107_specification_sheet.pdf (Southwire SIMpull THHN/THWN-2, stranded nominal O.D.)"
129,TYPE THWN COPPER BUILDING WIRE #10 YELLOW,Building Wire,0.161,"https://default.assets-stateelectric-prod.roccommercecloud.com/assets%2Fd2fb6576aa3bcdf239f5a6b6eb080e1f/southwire_55617107_specification_sheet.pdf (Southwire SIMpull THHN/THWN-2, stranded nominal O.D.)"
130,TYPE THWN COPPER BUILDING WIRE #12 BLACK,Building Wire,0.128,"https://default.assets-stateelectric-prod.roccommercecloud.com/assets%2Fd2fb6576aa3bcdf239f5a6b6eb080e1f/southwire_55617107_specification_sheet.pdf (Southwire SIMpull THHN/THWN-2, stranded nominal O.D.)"
131,TYPE THWN COPPER BUILDING WIRE #12 WHITE,Building Wire,0.128,"https://default.assets-stateelectric-prod.roccommercecloud.com/assets%2Fd2fb6576aa3bcdf239f5a6b6eb080e1f/southwire_55617107_specification_sheet.pdf (Southwire SIMpull THHN/THWN-2, stranded nominal O.D.)"
132,TYPE THWN COPPER BUILDING WIRE #12 RED,Building Wire,0.128,"https://default.assets-stateelectric-prod.roccommercecloud.com/assets%2Fd2fb6576aa3bcdf239f5a6b6eb080e1f/southwire_55617107_specification_sheet.pdf (Southwire SIMpull THHN/THWN-2, stranded nominal O.D.)"
133,TYPE THWN COPPER BUILDING WIRE #12 BLUE,Building Wire,0.128,"https://default.assets-stateelectric-prod.roccommercecloud.com/assets%2Fd2fb6576aa3bcdf239f5a6b6eb080e1f/southwire_55617107_specification_sheet.pdf (Southwire SIMpull THHN/THWN-2, stranded nominal O.D.)"
134,TYPE THWN COPPER BUILDING WIRE #12 GREEN,Building Wire,0.128,"https://default.assets-stateelectric-prod.roccommercecloud.com/assets%2Fd2fb6576aa3bcdf239f5a6b6eb080e1f/southwire_55617107_specification_sheet.pdf (Southwire SIMpull THHN/THWN-2, stranded nominal O.D.)"
135,TYPE THWN COPPER BUILDING WIRE #12 ORANGE,Building Wire,0.128,"https://default.assets-stateelectric-prod.roccommercecloud.com/assets%2Fd2fb6576aa3bcdf239f5a6b6eb080e1f/southwire_55617107_specification_sheet.pdf (Southwire SIMpull THHN/THWN-2, stranded nominal O.D.)"
136,TYPE THWN COPPER BUILDING WIRE #12 BROWN,Building Wire,0.128,"https://default.assets-stateelectric-prod.roccommercecloud.com/assets%2Fd2fb6576aa3bcdf239f5a6b6eb080e1f/southwire_55617107_specification_sheet.pdf (Southwire SIMpull THHN/THWN-2, stranded nominal O.D.)"
137,TYPE THWN COPPER BUILDING WIRE #12 YELLOW,Building Wire,0.128,"https://default.assets-stateelectric-prod.roccommercecloud.com/assets%2Fd2fb6576aa3bcdf239f5a6b6eb080e1f/southwire_55617107_specification_sheet.pdf (Southwire SIMpull THHN/THWN-2, stranded nominal O.D.)"
138,TYPE THWN COPPER BUILDING WIRE #12 PURPLE,Building Wire,0.128,"https://default.assets-stateelectric-prod.roccommercecloud.com/assets%2Fd2fb6576aa3bcdf239f5a6b6eb080e1f/southwire_55617107_specification_sheet.pdf (Southwire SIMpull THHN/THWN-2, stranded nominal O.D.)"
139,TYPE THWN COPPER BUILDING WIRE #12 PINK,Building Wire,0.128,"https://default.assets-stateelectric-prod.roccommercecloud.com/assets%2Fd2fb6576aa3bcdf239f5a6b6eb080e1f/southwire_55617107_specification_sheet.pdf (Southwire SIMpull THHN/THWN-2, stranded nominal O.D.)"
140,TYPE THWN COPPER BUILDING WIRE #12 GRAY,Building Wire,0.128,"https://default.assets-stateelectric-prod.roccommercecloud.com/assets%2Fd2fb6576aa3bcdf239f5a6b6eb080e1f/southwire_55617107_specification_sheet.pdf (Southwire SIMpull THHN/THWN-2, stranded nominal O.D.)"
141,TYPE THWN COPPER BUILDING WIRE #14 BLACK,Building Wire,0.109,"https://default.assets-stateelectric-prod.roccommercecloud.com/assets%2Fd2fb6576aa3bcdf239f5a6b6eb080e1f/southwire_55617107_specification_sheet.pdf (Southwire SIMpull THHN/THWN-2, stranded nominal O.D.)"
142,TYPE THWN COPPER BUILDING WIRE #14 WHITE,Building Wire,0.109,"https://default.assets-stateelectric-prod.roccommercecloud.com/assets%2Fd2fb6576aa3bcdf239f5a6b6eb080e1f/southwire_55617107_specification_sheet.pdf (Southwire SIMpull THHN/THWN-2, stranded nominal O.D.)"
143,TYPE THWN COPPER BUILDING WIRE #14 RED,Building Wire,0.109,"https://default.assets-stateelectric-prod.roccommercecloud.com/assets%2Fd2fb6576aa3bcdf239f5a6b6eb080e1f/southwire_55617107_specification_sheet.pdf (Southwire SIMpull THHN/THWN-2, stranded nominal O.D.)"
144,TYPE THWN COPPER BUILDING WIRE #14 BLUE,Building Wire,0.109,"https://default.assets-stateelectric-prod.roccommercecloud.com/assets%2Fd2fb6576aa3bcdf239f5a6b6eb080e1f/southwire_55617107_specification_sheet.pdf (Southwire SIMpull THHN/THWN-2, stranded nominal O.D.)"
145,TYPE THWN COPPER BUILDING WIRE #14 GREEN,Building Wire,0.109,"https://default.assets-stateelectric-prod.roccommercecloud.com/assets%2Fd2fb6576aa3bcdf239f5a6b6eb080e1f/southwire_55617107_specification_sheet.pdf (Southwire SIMpull THHN/THWN-2, stranded nominal O.D.)"
146,TYPE THWN COPPER BUILDING WIRE #14 ORANGE,Building Wire,0.109,"https://default.assets-stateelectric-prod.roccommercecloud.com/assets%2Fd2fb6576aa3bcdf239f5a6b6eb080e1f/southwire_55617107_specification_sheet.pdf (Southwire SIMpull THHN/THWN-2, stranded nominal O.D.)"
147,TYPE THWN COPPER BUILDING WIRE #14 BROWN,Building Wire,0.109,"https://default.assets-stateelectric-prod.roccommercecloud.com/assets%2Fd2fb6576aa3bcdf239f5a6b6eb080e1f/southwire_55617107_specification_sheet.pdf (Southwire SIMpull THHN/THWN-2, stranded nominal O.D.)"
148,TYPE THWN COPPER BUILDING WIRE #14 YELLOW,Building Wire,0.109,"https://default.assets-stateelectric-prod.roccommercecloud.com/assets%2Fd2fb6576aa3bcdf239f5a6b6eb080e1f/southwire_55617107_specification_sheet.pdf (Southwire SIMpull THHN/THWN-2, stranded nominal O.D.)"
149,TYPE THWN COPPER BUILDING WIRE #14 PURPLE,Building Wire,0.109,"https://default.assets-stateelectric-prod.roccommercecloud.com/assets%2Fd2fb6576aa3bcdf239f5a6b6eb080e1f/southwire_55617107_specification_sheet.pdf (Southwire SIMpull THHN/THWN-2, stranded nominal O.D.)"
150,TYPE THWN COPPER BUILDING WIRE #14 PINK,Building Wire,0.109,"https://default.assets-stateelectric-prod.roccommercecloud.com/assets%2Fd2fb6576aa3bcdf239f5a6b6eb080e1f/southwire_55617107_specification_sheet.pdf (Southwire SIMpull THHN/THWN-2, stranded nominal O.D.)"
151,TYPE THWN COPPER BUILDING WIRE #14 GRAY,Building Wire,0.109,"https://default.assets-stateelectric-prod.roccommercecloud.com/assets%2Fd2fb6576aa3bcdf239f5a6b6eb080e1f/southwire_55617107_specification_sheet.pdf (Southwire SIMpull THHN/THWN-2, stranded nominal O.D.)"
152,TYPE THWN COPPER BUILDING WIRE #16 BLACK,Building Wire,,not sourced
153,TYPE THWN COPPER BUILDING WIRE #16 WHITE,Building Wire,,not sourced
154,TYPE THWN COPPER BUILDING WIRE #16 RED,Building Wire,,not sourced
155,TYPE THWN COPPER BUILDING WIRE #16 BLUE,Building Wire,,not sourced
156,TYPE THWN COPPER BUILDING WIRE #16 GREEN,Building Wire,,not sourced
157,TYPE THWN COPPER BUILDING WIRE #16 ORANGE,Building Wire,,not sourced
158,TYPE THWN COPPER BUILDING WIRE #16 BROWN,Building Wire,,not sourced
159,TYPE THWN COPPER BUILDING WIRE #16 YELLOW,Building Wire,,not sourced
160,TYPE THWN COPPER BUILDING WIRE #16 PURPLE,Building Wire,,not sourced
161,TYPE THWN COPPER BUILDING WIRE #16 PINK,Building Wire,,not sourced
162,TYPE THWN COPPER BUILDING WIRE #16 GRAY,Building Wire,,not sourced
163,TYPE THWN COPPER BUILDING WIRE #18 BLACK,Building Wire,,not sourced
164,TYPE THWN COPPER BUILDING WIRE #18 WHITE,Building Wire,,not sourced
165,TYPE THWN COPPER BUILDING WIRE #18 RED,Building Wire,,not sourced
166,TYPE THWN COPPER BUILDING WIRE #18 BLUE,Building Wire,,not sourced
167,TYPE THWN COPPER BUILDING WIRE #18 GREEN,Building Wire,,not sourced
168,TYPE THWN COPPER BUILDING WIRE #18 ORANGE,Building Wire,,not sourced
169,TYPE THWN COPPER BUILDING WIRE #18 BROWN,Building Wire,,not sourced
170,TYPE THWN COPPER BUILDING WIRE #18 YELLOW,Building Wire,,not sourced
171,TYPE THWN COPPER BUILDING WIRE #18 PURPLE,Building Wire,,not sourced
172,TYPE THWN COPPER BUILDING WIRE #18 PINK,Building Wire,,not sourced
173,TYPE THWN COPPER BUILDING WIRE #18 GRAY,Building Wire,,not sourced
190,TRAY CABLE W/2 #10 THWN,Tray Cable,0.42,"https://cabletechsupport.southwire.com/cablespec/download_spec/?country=US&spec=45051 (Southwire SPEC 45051 Type TC-ER control cable THHN/THWN (TFFN for 16 AWG), approx OD)"
191,TRAY CABLE W/3 #10 THWN,Tray Cable,0.446,"https://cabletechsupport.southwire.com/cablespec/download_spec/?country=US&spec=45051 (Southwire SPEC 45051 Type TC-ER control cable THHN/THWN (TFFN for 16 AWG), approx OD)"
192,TRAY CABLE W/4 #10 THWN,Tray Cable,0.505,"https://cabletechsupport.southwire.com/cablespec/download_spec/?country=US&spec=45051 (Southwire SPEC 45051 Type TC-ER control cable THHN/THWN (TFFN for 16 AWG), approx OD)"
193,TRAY CABLE W/5 #10 THWN,Tray Cable,0.565,"https://cabletechsupport.southwire.com/cablespec/download_spec/?country=US&spec=45051 (Southwire SPEC 45051 Type TC-ER control cable THHN/THWN (TFFN for 16 AWG), approx OD)"
194,TRAY CABLE W/6 #10 THWN,Tray Cable,0.611,"https://cabletechsupport.southwire.com/cablespec/download_spec/?country=US&spec=45051 (Southwire SPEC 45051 Type TC-ER control cable THHN/THWN (TFFN for 16 AWG), approx OD)"
195,TRAY CABLE W/7 #10 THWN,Tray Cable,0.615,"https://cabletechsupport.southwire.com/cablespec/download_spec/?country=US&spec=45051 (Southwire SPEC 45051 Type TC-ER control cable THHN/THWN (TFFN for 16 AWG), approx OD)"
196,TRAY CABLE W/8 #10 THWN,Tray Cable,0.662,"https://cabletechsupport.southwire.com/cablespec/download_spec/?country=US&spec=45051 (Southwire SPEC 45051 Type TC-ER control cable THHN/THWN (TFFN for 16 AWG), approx OD)"
197,TRAY CABLE W/9 #10 THWN,Tray Cable,0.715,"https://cabletechsupport.southwire.com/cablespec/download_spec/?country=US&spec=45051 (Southwire SPEC 45051 Type TC-ER control cable THHN/THWN (TFFN for 16 AWG), approx OD)"
198,TRAY CABLE W/10 #10 THWN,Tray Cable,0.774,"https://cabletechsupport.southwire.com/cablespec/download_spec/?country=US&spec=45051 (Southwire SPEC 45051 Type TC-ER control cable THHN/THWN (TFFN for 16 AWG), approx OD)"
199,TRAY CABLE W/11 #10 THWN,Tray Cable,,not sourced
200,TRAY CABLE W/12 #10 THWN,Tray Cable,0.806,"https://cabletechsupport.southwire.com/cablespec/download_spec/?country=US&spec=45051 (Southwire SPEC 45051 Type TC-ER control cable THHN/THWN (TFFN for 16 AWG), approx OD)"
201,TRAY CABLE W/13 #10 THWN,Tray Cable,,not sourced
202,TRAY CABLE W/14 #10 THWN,Tray Cable,,not sourced
203,TRAY CABLE W/15 #10 THWN,Tray Cable,,not sourced
204,TRAY CABLE W/16 #10 THWN,Tray Cable,,not sourced
205,TRAY CABLE W/17 #10 THWN,Tray Cable,,not sourced
206,TRAY CABLE W/18 #10 THWN,Tray Cable,,not sourced
207,TRAY CABLE W/19 #10 THWN,Tray Cable,0.993,"https://cabletechsupport.southwire.com/cablespec/download_spec/?country=US&spec=45051 (Southwire SPEC 45051 Type TC-ER control cable THHN/THWN (TFFN for 16 AWG), approx OD)"
208,TRAY CABLE W/20 #10 THWN,Tray Cable,1.028,"https://cabletechsupport.southwire.com/cablespec/download_spec/?country=US&spec=45051 (Southwire SPEC 45051 Type TC-ER control cable THHN/THWN (TFFN for 16 AWG), approx OD)"
209,TRAY CABLE W/23 #10 THWN,Tray Cable,,not sourced
210,TRAY CABLE W/25 #10 THWN,Tray Cable,1.14,"https://cabletechsupport.southwire.com/cablespec/download_spec/?country=US&spec=45051 (Southwire SPEC 45051 Type TC-ER control cable THHN/THWN (TFFN for 16 AWG), approx OD)"
211,TRAY CABLE W/27 #10 THWN,Tray Cable,,not sourced
212,TRAY CABLE W/29 #10 THWN,Tray Cable,,not sourced
213,TRAY CABLE W/31 #10 THWN,Tray Cable,,not sourced
214,TRAY CABLE W/32 #10 THWN,Tray Cable,,not sourced
215,TRAY CABLE W/37 #10 THWN,Tray Cable,1.303,"https://cabletechsupport.southwire.com/cablespec/download_spec/?country=US&spec=45051 (Southwire SPEC 45051 Type TC-ER control cable THHN/THWN (TFFN for 16 AWG), approx OD)"
216,TRAY CABLE W/2 #12 THWN,Tray Cable,0.348,"https://cabletechsupport.southwire.com/cablespec/download_spec/?country=US&spec=45051 (Southwire SPEC 45051 Type TC-ER control cable THHN/THWN (TFFN for 16 AWG), approx OD)"
217,TRAY CABLE W/3 #12 THWN,Tray Cable,0.369,"https://cabletechsupport.southwire.com/cablespec/download_spec/?country=US&spec=45051 (Southwire SPEC 45051 Type TC-ER control cable THHN/THWN (TFFN for 16 AWG), approx OD)"
218,TRAY CABLE W/4 #12 THWN,Tray Cable,0.401,"https://cabletechsupport.southwire.com/cablespec/download_spec/?country=US&spec=45051 (Southwire SPEC 45051 Type TC-ER control cable THHN/THWN (TFFN for 16 AWG), approx OD)"
219,TRAY CABLE W/5 #12 THWN,Tray Cable,0.438,"https://cabletechsupport.southwire.com/cablespec/download_spec/?country=US&spec=45051 (Southwire SPEC 45051 Type TC-ER control cable THHN/THWN (TFFN for 16 AWG), approx OD)"
220,TRAY CABLE W/6 #12 THWN,Tray Cable,0.481,"https://cabletechsupport.southwire.com/cablespec/download_spec/?country=US&spec=45051 (Southwire SPEC 45051 Type TC-ER control cable THHN/THWN (TFFN for 16 AWG), approx OD)"
221,TRAY CABLE W/7 #12 THWN,Tray Cable,0.477,"https://cabletechsupport.southwire.com/cablespec/download_spec/?country=US&spec=45051 (Southwire SPEC 45051 Type TC-ER control cable THHN/THWN (TFFN for 16 AWG), approx OD)"
222,TRAY CABLE W/8 #12 THWN,Tray Cable,0.546,"https://cabletechsupport.southwire.com/cablespec/download_spec/?country=US&spec=45051 (Southwire SPEC 45051 Type TC-ER control cable THHN/THWN (TFFN for 16 AWG), approx OD)"
223,TRAY CABLE W/9 #12 THWN,Tray Cable,0.58,"https://cabletechsupport.southwire.com/cablespec/download_spec/?country=US&spec=45051 (Southwire SPEC 45051 Type TC-ER control cable THHN/THWN (TFFN for 16 AWG), approx OD)"
224,TRAY CABLE W/10 #12 THWN,Tray Cable,0.634,"https://cabletechsupport.southwire.com/cablespec/download_spec/?country=US&spec=45051 (Southwire SPEC 45051 Type TC-ER control cable THHN/THWN (TFFN for 16 AWG), approx OD)"
225,TRAY CABLE W/11 #12 THWN,Tray Cable,,not sourced
226,TRAY CABLE W/12 #12 THWN,Tray Cable,0.657,"https://cabletechsupport.southwire.com/cablespec/download_spec/?country=US&spec=45051 (Southwire SPEC 45051 Type TC-ER control cable THHN/THWN (TFFN for 16 AWG), approx OD)"
227,TRAY CABLE W/13 #12 THWN,Tray Cable,,not sourced
228,TRAY CABLE W/14 #12 THWN,Tray Cable,,not sourced
229,TRAY CABLE W/15 #12 THWN,Tray Cable,0.734,"https://cabletechsupport.southwire.com/cablespec/download_spec/?country=US&spec=45051 (Southwire SPEC 45051 Type TC-ER control cable THHN/THWN (TFFN for 16 AWG), approx OD)"
230,TRAY CABLE W/16 #12 THWN,Tray Cable,0.738,"https://cabletechsupport.southwire.com/cablespec/download_spec/?country=US&spec=45051 (Southwire SPEC 45051 Type TC-ER control cable THHN/THWN (TFFN for 16 AWG), approx OD)"
231,TRAY CABLE W/17 #12 THWN,Tray Cable,,not sourced
232,TRAY CABLE W/18 #12 THWN,Tray Cable,,not sourced
233,TRAY CABLE W/19 #12 THWN,Tray Cable,0.772,"https://cabletechsupport.southwire.com/cablespec/download_spec/?country=US&spec=45051 (Southwire SPEC 45051 Type TC-ER control cable THHN/THWN (TFFN for 16 AWG), approx OD)"
234,TRAY CABLE W/20 #12 THWN,Tray Cable,0.802,"https://cabletechsupport.southwire.com/cablespec/download_spec/?country=US&spec=45051 (Southwire SPEC 45051 Type TC-ER control cable THHN/THWN (TFFN for 16 AWG), approx OD)"
235,TRAY CABLE W/23 #12 THWN,Tray Cable,,not sourced
236,TRAY CABLE W/25 #12 THWN,Tray Cable,0.943,"https://cabletechsupport.southwire.com/cablespec/download_spec/?country=US&spec=45051 (Southwire SPEC 45051 Type TC-ER control cable THHN/THWN (TFFN for 16 AWG), approx OD)"
237,TRAY CABLE W/27 #12 THWN,Tray Cable,,not sourced
238,TRAY CABLE W/29 #12 THWN,Tray Cable,,not sourced
239,TRAY CABLE W/31 #12 THWN,Tray Cable,,not sourced
240,TRAY CABLE W/32 #12 THWN,Tray Cable,,not sourced
241,TRAY CABLE W/37 #12 THWN,Tray Cable,1.064,"https://cabletechsupport.southwire.com/cablespec/download_spec/?country=US&spec=45051 (Southwire SPEC 45051 Type TC-ER control cable THHN/THWN (TFFN for 16 AWG), approx OD)"
242,TRAY CABLE W/2 #14 THWN,Tray Cable,0.305,"https://cabletechsupport.southwire.com/cablespec/download_spec/?country=US&spec=45051 (Southwire SPEC 45051 Type TC-ER control cable THHN/THWN (TFFN for 16 AWG), approx OD)"
243,TRAY CABLE W/3 #14 THWN,Tray Cable,0.322,"https://cabletechsupport.southwire.com/cablespec/download_spec/?country=US&spec=45051 (Southwire SPEC 45051 Type TC-ER control cable THHN/THWN (TFFN for 16 AWG), approx OD)"
244,TRAY CABLE W/4 #14 THWN,Tray Cable,0.351,"https://cabletechsupport.southwire.com/cablespec/download_spec/?country=US&spec=45051 (Southwire SPEC 45051 Type TC-ER control cable THHN/THWN (TFFN for 16 AWG), approx OD)"
245,TRAY CABLE W/5 #14 THWN,Tray Cable,0.38,"https://cabletechsupport.southwire.com/cablespec/download_spec/?country=US&spec=45051 (Southwire SPEC 45051 Type TC-ER control cable THHN/THWN (TFFN for 16 AWG), approx OD)"
246,TRAY CABLE W/6 #14 THWN,Tray Cable,0.416,"https://cabletechsupport.southwire.com/cablespec/download_spec/?country=US&spec=45051 (Southwire SPEC 45051 Type TC-ER control cable THHN/THWN (TFFN for 16 AWG), approx OD)"
247,TRAY CABLE W/7 #14 THWN,Tray Cable,,not sourced
248,TRAY CABLE W/8 #14 THWN,Tray Cable,0.456,"https://cabletechsupport.southwire.com/cablespec/download_spec/?country=US&spec=45051 (Southwire SPEC 45051 Type TC-ER control cable THHN/THWN (TFFN for 16 AWG), approx OD)"
249,TRAY CABLE W/9 #14 THWN,Tray Cable,0.49,"https://cabletechsupport.southwire.com/cablespec/download_spec/?country=US&spec=45051 (Southwire SPEC 45051 Type TC-ER control cable THHN/THWN (TFFN for 16 AWG), approx OD)"
250,TRAY CABLE W/10 #14 THWN,Tray Cable,0.556,"https://cabletechsupport.southwire.com/cablespec/download_spec/?country=US&spec=45051 (Southwire SPEC 45051 Type TC-ER control cable THHN/THWN (TFFN for 16 AWG), approx OD)"
251,TRAY CABLE W/11 #14 THWN,Tray Cable,,not sourced
252,TRAY CABLE W/12 #14 THWN,Tray Cable,0.573,"https://cabletechsupport.southwire.com/cablespec/download_spec/?country=US&spec=45051 (Southwire SPEC 45051 Type TC-ER control cable THHN/THWN (TFFN for 16 AWG), approx OD)"
253,TRAY CABLE W/13 #14 THWN,Tray Cable,,not sourced
254,TRAY CABLE W/14 #14 THWN,Tray Cable,,not sourced
255,TRAY CABLE W/15 #14 THWN,Tray Cable,0.632,"https://cabletechsupport.southwire.com/cablespec/download_spec/?country=US&spec=45051 (Southwire SPEC 45051 Type TC-ER control cable THHN/THWN (TFFN for 16 AWG), approx OD)"
256,TRAY CABLE W/16 #14 THWN,Tray Cable,,not sourced
257,TRAY CABLE W/17 #14 THWN,Tray Cable,,not sourced
258,TRAY CABLE W/18 #14 THWN,Tray Cable,,not sourced
259,TRAY CABLE W/19 #14 THWN,Tray Cable,0.664,"https://cabletechsupport.southwire.com/cablespec/download_spec/?country=US&spec=45051 (Southwire SPEC 45051 Type TC-ER control cable THHN/THWN (TFFN for 16 AWG), approx OD)"
260,TRAY CABLE W/20 #14 THWN,Tray Cable,0.697,"https://cabletechsupport.southwire.com/cablespec/download_spec/?country=US&spec=45051 (Southwire SPEC 45051 Type TC-ER control cable THHN/THWN (TFFN for 16 AWG), approx OD)"
261,TRAY CABLE W/23 #14 THWN,Tray Cable,,not sourced
262,TRAY CABLE W/25 #14 THWN,Tray Cable,0.802,"https://cabletechsupport.southwire.com/cablespec/download_spec/?country=US&spec=45051 (Southwire SPEC 45051 Type TC-ER control cable THHN/THWN (TFFN for 16 AWG), approx OD)"
263,TRAY CABLE W/27 #14 THWN,Tray Cable,,not sourced
264,TRAY CABLE W/29 #14 THWN,Tray Cable,,not sourced
265,TRAY CABLE W/31 #14 THWN,Tray Cable,,not sourced
266,TRAY CABLE W/32 #14 THWN,Tray Cable,,not sourced
267,TRAY CABLE W/37 #14 THWN,Tray Cable,0.949,"https://cabletechsupport.southwire.com/cablespec/download_spec/?country=US&spec=45051 (Southwire SPEC 45051 Type TC-ER control cable THHN/THWN (TFFN for 16 AWG), approx OD)"
268,TRAY CABLE W/2 #16 THWN,Tray Cable,0.292,"https://cabletechsupport.southwire.com/cablespec/download_spec/?country=US&spec=45051 (Southwire SPEC 45051 Type TC-ER control cable THHN/THWN (TFFN for 16 AWG), approx OD)"
269,TRAY CABLE W/3 #16 THWN,Tray Cable,0.308,"https://cabletechsupport.southwire.com/cablespec/download_spec/?country=US&spec=45051 (Southwire SPEC 45051 Type TC-ER control cable THHN/THWN (TFFN for 16 AWG), approx OD)"
270,TRAY CABLE W/4 #16 THWN,Tray Cable,0.333,"https://cabletechsupport.southwire.com/cablespec/download_spec/?country=US&spec=45051 (Southwire SPEC 45051 Type TC-ER control cable THHN/THWN (TFFN for 16 AWG), approx OD)"
271,TRAY CABLE W/5 #16 THWN,Tray Cable,0.362,"https://cabletechsupport.southwire.com/cablespec/download_spec/?country=US&spec=45051 (Southwire SPEC 45051 Type TC-ER control cable THHN/THWN (TFFN for 16 AWG), approx OD)"
272,TRAY CABLE W/6 #16 THWN,Tray Cable,0.393,"https://cabletechsupport.southwire.com/cablespec/download_spec/?country=US&spec=45051 (Southwire SPEC 45051 Type TC-ER control cable THHN/THWN (TFFN for 16 AWG), approx OD)"
273,TRAY CABLE W/7 #16 THWN,Tray Cable,0.393,"https://cabletechsupport.southwire.com/cablespec/download_spec/?country=US&spec=45051 (Southwire SPEC 45051 Type TC-ER control cable THHN/THWN (TFFN for 16 AWG), approx OD)"
274,TRAY CABLE W/8 #16 THWN,Tray Cable,0.41,"https://cabletechsupport.southwire.com/cablespec/download_spec/?country=US&spec=45051 (Southwire SPEC 45051 Type TC-ER control cable THHN/THWN (TFFN for 16 AWG), approx OD)"
275,TRAY CABLE W/9 #16 THWN,Tray Cable,0.454,"https://cabletechsupport.southwire.com/cablespec/download_spec/?country=US&spec=45051 (Southwire SPEC 45051 Type TC-ER control cable THHN/THWN (TFFN for 16 AWG), approx OD)"
276,TRAY CABLE W/10 #16 THWN,Tray Cable,0.476,"https://cabletechsupport.southwire.com/cablespec/download_spec/?country=US&spec=45051 (Southwire SPEC 45051 Type TC-ER control cable THHN/THWN (TFFN for 16 AWG), approx OD)"
277,TRAY CABLE W/11 #16 THWN,Tray Cable,,not sourced
278,TRAY CABLE W/12 #16 THWN,Tray Cable,0.51,"https://cabletechsupport.southwire.com/cablespec/download_spec/?country=US&spec=45051 (Southwire SPEC 45051 Type TC-ER control cable THHN/THWN (TFFN for 16 AWG), approx OD)"
279,TRAY CABLE W/13 #16 THWN,Tray Cable,,not sourced
280,TRAY CABLE W/14 #16 THWN,Tray Cable,,not sourced
281,TRAY CABLE W/15 #16 THWN,Tray Cable,0.595,"https://cabletechsupport.southwire.com/cablespec/download_spec/?country=US&spec=45051 (Southwire SPEC 45051 Type TC-ER control cable THHN/THWN (TFFN for 16 AWG), approx OD)"
282,TRAY CABLE W/16 #16 THWN,Tray Cable,,not sourced
283,TRAY CABLE W/17 #16 THWN,Tray Cable,,not sourced
284,TRAY CABLE W/18 #16 THWN,Tray Cable,,not sourced
285,TRAY CABLE W/19 #16 THWN,Tray Cable,0.625,"https://cabletechsupport.southwire.com/cablespec/download_spec/?country=US&spec=45051 (Southwire SPEC 45051 Type TC-ER control cable THHN/THWN (TFFN for 16 AWG), approx OD)"
286,TRAY CABLE W/20 #16 THWN,Tray Cable,0.632,"https://cabletechsupport.southwire.com/cablespec/download_spec/?country=US&spec=45051 (Southwire SPEC 45051 Type TC-ER control cable THHN/THWN (TFFN for 16 AWG), approx OD)"
287,TRAY CABLE W/23 #16 THWN,Tray Cable,,not sourced
288,TRAY CABLE W/25 #16 THWN,Tray Cable,0.7,"https://cabletechsupport.southwire.com/cablespec/download_spec/?country=US&spec=45051 (Southwire SPEC 45051 Type TC-ER control cable THHN/THWN (TFFN for 16 AWG), approx OD)"
289,TRAY CABLE W/27 #16 THWN,Tray Cable,,not sourced
290,TRAY CABLE W/29 #16 THWN,Tray Cable,,not sourced
291,TRAY CABLE W/31 #16 THWN,Tray Cable,,not sourced
292,TRAY CABLE W/32 #16 THWN,Tray Cable,,not sourced
293,TRAY CABLE W/37 #16 THWN,Tray Cable,0.867,"https://cabletechsupport.southwire.com/cablespec/download_spec/?country=US&spec=45051 (Southwire SPEC 45051 Type TC-ER control cable THHN/THWN (TFFN for 16 AWG), approx OD)"
300,TYPE THW CU GROUND CABLE 1000MCM BARE,Ground Cable,1.152,"https://encorewire-prod.imgix.net/media/products/product-sheets/copper/commercial/EncoreWire-CU-Bare-2.pdf (Encore Wire soft-drawn bare copper, stranded OD)"
301,TYPE THW CU GROUND CABLE 750MCM BARE,Ground Cable,0.998,"https://encorewire-prod.imgix.net/media/products/product-sheets/copper/commercial/EncoreWire-CU-Bare-2.pdf (Encore Wire soft-drawn bare copper, stranded OD)"
302,TYPE THW CU GROUND CABLE 600MCM BARE,Ground Cable,0.893,"https://encorewire-prod.imgix.net/media/products/product-sheets/copper/commercial/EncoreWire-CU-Bare-2.pdf (Encore Wire soft-drawn bare copper, stranded OD)"
303,TYPE THW CU GROUND CABLE 500MCM BARE,Ground Cable,0.766,"https://encorewire-prod.imgix.net/media/products/product-sheets/copper/commercial/EncoreWire-CU-Bare-2.pdf (Encore Wire soft-drawn bare copper, stranded OD)"
304,TYPE THW CU GROUND CABLE 400MCM BARE,Ground Cable,0.685,"https://encorewire-prod.imgix.net/media/products/product-sheets/copper/commercial/EncoreWire-CU-Bare-2.pdf (Encore Wire soft-drawn bare copper, stranded OD)"
305,TYPE THW CU GROUND CABLE 350MCM BARE,Ground Cable,0.641,"https://encorewire-prod.imgix.net/media/products/product-sheets/copper/commercial/EncoreWire-CU-Bare-2.pdf (Encore Wire soft-drawn bare copper, stranded OD)"
306,TYPE THW CU GROUND CABLE 300MCM BARE,Ground Cable,0.594,"https://encorewire-prod.imgix.net/media/products/product-sheets/copper/commercial/EncoreWire-CU-Bare-2.pdf (Encore Wire soft-drawn bare copper, stranded OD)"
307,TYPE THW CU GROUND CABLE 250MCM BARE,Ground Cable,0.542,"https://encorewire-prod.imgix.net/media/products/product-sheets/copper/commercial/EncoreWire-CU-Bare-2.pdf (Encore Wire soft-drawn bare copper, stranded OD)"
308,TYPE THW CU GROUND CABLE 4/0 BARE,Ground Cable,0.51,"https://encorewire-prod.imgix.net/media/products/product-sheets/copper/commercial/EncoreWire-CU-Bare-2.pdf (Encore Wire soft-drawn bare copper, stranded OD)"
309,TYPE THW CU GROUND CABLE 3/0 BARE,Ground Cable,0.454,"https://encorewire-prod.imgix.net/media/products/product-sheets/copper/commercial/EncoreWire-CU-Bare-2.pdf (Encore Wire soft-drawn bare copper, stranded OD)"
310,TYPE THW CU GROUND CABLE 2/0 BARE,Ground Cable,0.404,"https://encorewire-prod.imgix.net/media/products/product-sheets/copper/commercial/EncoreWire-CU-Bare-2.pdf (Encore Wire soft-drawn bare copper, stranded OD)"
311,TYPE THW CU GROUND CABLE 1/0 BARE,Ground Cable,0.36,"https://encorewire-prod.imgix.net/media/products/product-sheets/copper/commercial/EncoreWire-CU-Bare-2.pdf (Encore Wire soft-drawn bare copper, stranded OD)"
312,TYPE THW CU GROUND CABLE #1 BARE,Ground Cable,0.328,"https://encorewire-prod.imgix.net/media/products/product-sheets/copper/commercial/EncoreWire-CU-Bare-2.pdf (Encore Wire soft-drawn bare copper, stranded OD)"
313,TYPE THW CU GROUND CABLE #2 BARE,Ground Cable,0.292,"https://encorewire-prod.imgix.net/media/products/product-sheets/copper/commercial/EncoreWire-CU-Bare-2.pdf (Encore Wire soft-drawn bare copper, stranded OD)"
314,TYPE THW CU GROUND CABLE #3 BARE,Ground Cable,0.26,"https://encorewire-prod.imgix.net/media/products/product-sheets/copper/commercial/EncoreWire-CU-Bare-2.pdf (Encore Wire soft-drawn bare copper, stranded OD)"
315,TYPE THW CU GROUND CABLE #4 BARE,Ground Cable,0.232,"https://encorewire-prod.imgix.net/media/products/product-sheets/copper/commercial/EncoreWire-CU-Bare-2.pdf (Encore Wire soft-drawn bare copper, stranded OD)"
316,TYPE THW CU GROUND CABLE #6 BARE,Ground Cable,0.184,"https://encorewire-prod.imgix.net/media/products/product-sheets/copper/commercial/EncoreWire-CU-Bare-2.pdf (Encore Wire soft-drawn bare copper, stranded OD)"
317,TYPE THW CU GROUND CABLE #8 BARE,Ground Cable,0.146,"https://encorewire-prod.imgix.net/media/products/product-sheets/copper/commercial/EncoreWire-CU-Bare-2.pdf (Encore Wire soft-drawn bare copper, stranded OD)"
318,TYPE THW CU GROUND CABLE #10 BARE,Ground Cable,0.1019,https://encorewire-prod.imgix.net/media/products/product-sheets/copper/commercial/EncoreWire-CU-Bare-2.pdf (Encore Wire soft-drawn bare copper; #10 listed SOLID only)
320,TYPE THW COPPER GROUND CABLE 1000MCM GREEN,Ground Cable,1.372,https://encorewire-prod.imgix.net/media/products/product-sheets/copper/commercial/EncoreWire-CU-THW2.pdf (Encore Wire THW-2 copper OD)
321,TYPE THW COPPER GROUND CABLE 750MCM GREEN,Ground Cable,1.218,https://encorewire-prod.imgix.net/media/products/product-sheets/copper/commercial/EncoreWire-CU-THW2.pdf (Encore Wire THW-2 copper OD)
322,TYPE THW COPPER GROUND CABLE 600MCM GREEN,Ground Cable,1.113,https://encorewire-prod.imgix.net/media/products/product-sheets/copper/commercial/EncoreWire-CU-THW2.pdf (Encore Wire THW-2 copper OD)
323,TYPE THW COPPER GROUND CABLE 500MCM GREEN,Ground Cable,0.956,https://encorewire-prod.imgix.net/media/products/product-sheets/copper/commercial/EncoreWire-CU-THW2.pdf (Encore Wire THW-2 copper OD)
324,TYPE THW COPPER GROUND CABLE 400MCM GREEN,Ground Cable,0.875,https://encorewire-prod.imgix.net/media/products/product-sheets/copper/commercial/EncoreWire-CU-THW2.pdf (Encore Wire THW-2 copper OD)
325,TYPE THW COPPER GROUND CABLE 350MCM GREEN,Ground Cable,0.831,https://encorewire-prod.imgix.net/media/products/product-sheets/copper/commercial/EncoreWire-CU-THW2.pdf (Encore Wire THW-2 copper OD)
326,TYPE THW COPPER GROUND CABLE 300MCM GREEN,Ground Cable,0.784,https://encorewire-prod.imgix.net/media/products/product-sheets/copper/commercial/EncoreWire-CU-THW2.pdf (Encore Wire THW-2 copper OD)
327,TYPE THW COPPER GROUND CABLE 250MCM GREEN,Ground Cable,0.732,https://encorewire-prod.imgix.net/media/products/product-sheets/copper/commercial/EncoreWire-CU-THW2.pdf (Encore Wire THW-2 copper OD)
328,TYPE THW COPPER GROUND CABLE 4/0 GREEN,Ground Cable,0.67,https://encorewire-prod.imgix.net/media/products/product-sheets/copper/commercial/EncoreWire-CU-THW2.pdf (Encore Wire THW-2 copper OD)
329,TYPE THW COPPER GROUND CABLE 3/0 GREEN,Ground Cable,0.614,https://encorewire-prod.imgix.net/media/products/product-sheets/copper/commercial/EncoreWire-CU-THW2.pdf (Encore Wire THW-2 copper OD)
330,TYPE THW COPPER GROUND CABLE 2/0 GREEN,Ground Cable,0.564,https://encorewire-prod.imgix.net/media/products/product-sheets/copper/commercial/EncoreWire-CU-THW2.pdf (Encore Wire THW-2 copper OD)
331,TYPE THW COPPER GROUND CABLE 1/0 GREEN,Ground Cable,0.52,https://encorewire-prod.imgix.net/media/products/product-sheets/copper/commercial/EncoreWire-CU-THW2.pdf (Encore Wire THW-2 copper OD)
332,TYPE THW COPPER GROUND CABLE #1 GREEN,Ground Cable,0.481,https://encorewire-prod.imgix.net/media/products/product-sheets/copper/commercial/EncoreWire-CU-THW2.pdf (Encore Wire THW-2 copper OD)
333,TYPE THW COPPER GROUND CABLE #2 GREEN,Ground Cable,0.412,https://encorewire-prod.imgix.net/media/products/product-sheets/copper/commercial/EncoreWire-CU-THW2.pdf (Encore Wire THW-2 copper OD)
334,TYPE THW COPPER GROUND CABLE #3 GREEN,Ground Cable,0.38,https://encorewire-prod.imgix.net/media/products/product-sheets/copper/commercial/EncoreWire-CU-THW2.pdf (Encore Wire THW-2 copper OD)
335,TYPE THW COPPER GROUND CABLE #4 GREEN,Ground Cable,0.352,https://encorewire-prod.imgix.net/media/products/product-sheets/copper/commercial/EncoreWire-CU-THW2.pdf (Encore Wire THW-2 copper OD)
336,TYPE THW COPPER GROUND CABLE #6 GREEN,Ground Cable,0.304,https://encorewire-prod.imgix.net/media/products/product-sheets/copper/commercial/EncoreWire-CU-THW2.pdf (Encore Wire THW-2 copper OD)
337,TYPE THW COPPER GROUND CABLE #8 GREEN,Ground Cable,0.236,https://encorewire-prod.imgix.net/media/products/product-sheets/copper/commercial/EncoreWire-CU-THW2.pdf (Encore Wire THW-2 copper OD)
338,TYPE THW COPPER GROUND CABLE #10 GREEN,Ground Cable,0.173,https://encorewire-prod.imgix.net/media/products/product-sheets/copper/commercial/EncoreWire-CU-THW2.pdf (Encore Wire THW-2 copper OD)
400,1/C #16 Shielded type TC Cable,Instrument Cable,,not sourced
401,2/C #16 Shielded type TC Cable,Instrument Cable,,not sourced
402,3/C #16 Shielded type TC Cable,Instrument Cable,,not sourced
403,4/C #16 Shielded type TC Cable,Instrument Cable,,not sourced
404,8/C #16 Shielded type TC Cable,Instrument Cable,,not sourced
405,12/C #16 Shielded type TC Cable,Instrument Cable,,not sourced
406,2/C #18 Shielded type TC Cable,Instrument Cable,,not sourced
407,3/C #18 Shielded type TC Cable,Instrument Cable,,not sourced
408,1/Pr #16 Overall Shielded type TC Cable,Instrument Cable,0.292,"https://cabletechsupport.southwire.com/en/cablespec/download_spec/?country=US&spec=43602 (Southwire SPEC 43602 600V Type TC instrumentation pairs, overall shield, approx OD)"
409,2/Pr #16 Overall Shielded type TC Cable,Instrument Cable,0.423,"https://cabletechsupport.southwire.com/en/cablespec/download_spec/?country=US&spec=43602 (Southwire SPEC 43602 600V Type TC instrumentation pairs, overall shield, approx OD)"
410,4/Pr #16 Overall Shielded type TC Cable,Instrument Cable,,not sourced
411,8/Pr #16 Overall Shielded type TC Cable,Instrument Cable,0.651,"https://cabletechsupport.southwire.com/en/cablespec/download_spec/?country=US&spec=43602 (Southwire SPEC 43602 600V Type TC instrumentation pairs, overall shield, approx OD)"
412,12/Pr #16 Overall Shielded type TC Cable,Instrument Cable,0.829,"https://cabletechsupport.southwire.com/en/cablespec/download_spec/?country=US&spec=43602 (Southwire SPEC 43602 600V Type TC instrumentation pairs, overall shield, approx OD)"
413,1/Pr #18 Overall Shielded type TC Cable,Instrument Cable,0.264,"https://cabletechsupport.southwire.com/en/cablespec/download_spec/?country=US&spec=43602 (Southwire SPEC 43602 600V Type TC instrumentation pairs, overall shield, approx OD)"
414,2/Pr #18 Overall Shielded type TC Cable,Instrument Cable,0.379,"https://cabletechsupport.southwire.com/en/cablespec/download_spec/?country=US&spec=43602 (Southwire SPEC 43602 600V Type TC instrumentation pairs, overall shield, approx OD)"
415,4/Pr #18 Overall Shielded type TC Cable,Instrument Cable,0.433,"https://cabletechsupport.southwire.com/en/cablespec/download_spec/?country=US&spec=43602 (Southwire SPEC 43602 600V Type TC instrumentation pairs, overall shield, approx OD)"
416,1/Triad #16 Overall Shielded type TC Cable,Instrument Cable,0.312,"https://cabletechsupport.southwire.com/en/cablespec/download_spec/?country=US&spec=43606 (Southwire SPEC 43606 600V Type TC-ER instrumentation triads, overall shield, approx OD)"
417,2/Triad #16 Overall Shielded type TC Cable,Instrument Cable,,not sourced
418,1/Triad #18 Overall Shielded type TC Cable,Instrument Cable,0.286,"https://cabletechsupport.southwire.com/en/cablespec/download_spec/?country=US&spec=43606 (Southwire SPEC 43606 600V Type TC-ER instrumentation triads, overall shield, approx OD)"
419,2/C #16 Unshielded type TC Cable,Instrument Cable,,not sourced
420,4/C #16 Unshielded type TC Cable,Instrument Cable,,not sourced
421,2/C #16 Shielded type PLTC Cable,Instrument Cable,,not sourced
422,2/Pr #16 Overall Shielded type PLTC Cable,Instrument Cable,0.409,"https://cabletechsupport.southwire.com/en/cablespec/download_spec/?country=US&spec=43301 (Southwire SPEC 43301 300V Type PLTC/ITC pairs, overall shield, approx OD)"
423,1/Pr #16 Type JX Thermocouple Extension Cable,Instrument Cable,,not sourced
424,1/Pr #16 Type KX Thermocouple Extension Cable,Instrument Cable,,not sourced
425,1/Pr #16 Type TX Thermocouple Extension Cable,Instrument Cable,,not sourced
1000,6/2 Romex,Residential Cable,0.7,https://cabletechsupport.southwire.com/en/cablespec/download_spec/?country=us&spec=10028 (Southwire Romex SIMpull NM-B w/ground; flat cables: MAJOR dimension stored)
1001,8/2 Romex,Residential Cable,0.628,https://cabletechsupport.southwire.com/en/cablespec/download_spec/?country=us&spec=10028 (Southwire Romex SIMpull NM-B w/ground; flat cables: MAJOR dimension stored)
1002,10/2 Romex,Residential Cable,0.505,https://cabletechsupport.southwire.com/en/cablespec/download_spec/?country=us&spec=10028 (Southwire Romex SIMpull NM-B w/ground; flat cables: MAJOR dimension stored)
1003,12/2  Romex,Residential Cable,0.422,https://cabletechsupport.southwire.com/en/cablespec/download_spec/?country=us&spec=10028 (Southwire Romex SIMpull NM-B w/ground; flat cables: MAJOR dimension stored)
1004,14/2 Romex,Residential Cable,0.372,https://cabletechsupport.southwire.com/en/cablespec/download_spec/?country=us&spec=10028 (Southwire Romex SIMpull NM-B w/ground; flat cables: MAJOR dimension stored)
1010,6/3 Romex,Residential Cable,0.672,https://cabletechsupport.southwire.com/en/cablespec/download_spec/?country=us&spec=10028 (Southwire Romex SIMpull NM-B w/ground; flat cables: MAJOR dimension stored)
1011,8/3/ Romex,Residential Cable,0.585,https://cabletechsupport.southwire.com/en/cablespec/download_spec/?country=us&spec=10028 (Southwire Romex SIMpull NM-B w/ground; flat cables: MAJOR dimension stored)
1012,10/3 Romex,Residential Cable,0.63,https://cabletechsupport.southwire.com/en/cablespec/download_spec/?country=us&spec=10028 (Southwire Romex SIMpull NM-B w/ground; flat cables: MAJOR dimension stored)
1013,12/3 Romex,Residential Cable,0.524,https://cabletechsupport.southwire.com/en/cablespec/download_spec/?country=us&spec=10028 (Southwire Romex SIMpull NM-B w/ground; flat cables: MAJOR dimension stored)
1014,14/3 Romex,Residential Cable,0.478,https://cabletechsupport.southwire.com/en/cablespec/download_spec/?country=us&spec=10028 (Southwire Romex SIMpull NM-B w/ground; flat cables: MAJOR dimension stored)
1200,4/0 SER Cable Aluminum,Residential Cable,1.518,"https://cabletechsupport.southwire.com/en/cablespec/download_cable/?cable=55748&country=US (Southwire SER AL stock 131078 4/0-4/0-4/0-2/0, approx OD)"
2000,Speaker Wire 14/2,Residential Cable,,not sourced
2001,Alarm Cable 20/2,Residential Cable,,not sourced
2002,CAT 6e Network Cable,Residential Cable,,not sourced
2003,Coax RG6 CAble,Residential Cable,,not sourced
2004,Speaker Wire 16/2,Residential Cable,,not sourced
2005,Alarm Wire 18/4,Residential Cable,,not sourced
2006,SmartShadeWiring 16/4,Residential Cable,,not sourced
2007,16/2 Cable,Residential Cable,,not sourced
2008,14/2 Cable,Residential Cable,,not sourced
2009,18/6 Cable for RGBCC LEDs,Residential Cable,,not sourced
5000,LED 3K COB Light Strip,Residential Cable,,not sourced
5001,LED 4K COB Light Strip,Residential Cable,,not sourced
5002,LED 5K COB Light Strip,Residential Cable,,not sourced
