Mfr,Form,Shape,TradeSize,TradeSizeDec,CatalogNo,A_in,B_in,C_in,D_in,E_in,HubOD_in,HubLen_in,SourceId,SourcePage,Source,Published,Notes
Crouse-Hinds,F7,C,1/2,0.5,C17,5.375,1.375,1.375,0.9375,3.1875,,,CH1F-2022,p.10 (PDF p.4),"https://www.eaton.com/content/dam/eaton/products/conduit-cable-and-wire-management/crouse-hinds/catalog-pages/crouse-hinds-form8-mark9-catalog-page.pdf p.10, Condulet Form 7 C dimension table (copy read: https://safsale.com/image/catalog/pdf-seo/79/eaton-crouse-hinds-lb58-1-1-2-inch-iron-alloy-threaded-rigid-conduit-body-51419-brochure.pdf)",a=5 3/8; b=1 3/8; c=1 3/8; d=15/16; e=3 3/16,Condulet Form 7 (Feraloy iron alloy)
Crouse-Hinds,F7,C,3/4,0.75,C27,6,1.625,1.5625,1.125,3.8125,,,CH1F-2022,p.10 (PDF p.4),"https://www.eaton.com/content/dam/eaton/products/conduit-cable-and-wire-management/crouse-hinds/catalog-pages/crouse-hinds-form8-mark9-catalog-page.pdf p.10, Condulet Form 7 C dimension table (copy read: https://safsale.com/image/catalog/pdf-seo/79/eaton-crouse-hinds-lb58-1-1-2-inch-iron-alloy-threaded-rigid-conduit-body-51419-brochure.pdf)",a=6; b=1 5/8; c=1 9/16; d=1 1/8; e=3 13/16,Condulet Form 7 (Feraloy iron alloy)
Crouse-Hinds,F7,C,1,1,C37,7,1.875,1.75,1.375,4.5,,,CH1F-2022,p.10 (PDF p.4),"https://www.eaton.com/content/dam/eaton/products/conduit-cable-and-wire-management/crouse-hinds/catalog-pages/crouse-hinds-form8-mark9-catalog-page.pdf p.10, Condulet Form 7 C dimension table (copy read: https://safsale.com/image/catalog/pdf-seo/79/eaton-crouse-hinds-lb58-1-1-2-inch-iron-alloy-threaded-rigid-conduit-body-51419-brochure.pdf)",a=7; b=1 7/8; c=1 3/4; d=1 3/8; e=4 1/2,Condulet Form 7 (Feraloy iron alloy)
Crouse-Hinds,F7,C,1-1/4,1.25,C47,7.4375,2.3125,2.1875,1.75,5,,,CH1F-2022,p.10 (PDF p.4),"https://www.eaton.com/content/dam/eaton/products/conduit-cable-and-wire-management/crouse-hinds/catalog-pages/crouse-hinds-form8-mark9-catalog-page.pdf p.10, Condulet Form 7 C dimension table (copy read: https://safsale.com/image/catalog/pdf-seo/79/eaton-crouse-hinds-lb58-1-1-2-inch-iron-alloy-threaded-rigid-conduit-body-51419-brochure.pdf)",a=7 7/16; b=2 5/16; c=2 3/16; d=1 3/4; e=5,Condulet Form 7 (Feraloy iron alloy)
Crouse-Hinds,F7,C,1-1/2,1.5,C57,8.1875,2.5625,2.4375,1.9375,5.4375,,,CH1F-2022,p.10 (PDF p.4),"https://www.eaton.com/content/dam/eaton/products/conduit-cable-and-wire-management/crouse-hinds/catalog-pages/crouse-hinds-form8-mark9-catalog-page.pdf p.10, Condulet Form 7 C dimension table (copy read: https://safsale.com/image/catalog/pdf-seo/79/eaton-crouse-hinds-lb58-1-1-2-inch-iron-alloy-threaded-rigid-conduit-body-51419-brochure.pdf)",a=8 3/16; b=2 9/16; c=2 7/16; d=1 15/16; e=5 7/16,Condulet Form 7 (Feraloy iron alloy)
Crouse-Hinds,F7,C,2,2,C67,9.1875,3.125,3,2.4375,6.375,,,CH1F-2022,p.10 (PDF p.4),"https://www.eaton.com/content/dam/eaton/products/conduit-cable-and-wire-management/crouse-hinds/catalog-pages/crouse-hinds-form8-mark9-catalog-page.pdf p.10, Condulet Form 7 C dimension table (copy read: https://safsale.com/image/catalog/pdf-seo/79/eaton-crouse-hinds-lb58-1-1-2-inch-iron-alloy-threaded-rigid-conduit-body-51419-brochure.pdf)",a=9 3/16; b=3 1/8; c=3; d=2 7/16; e=6 3/8,Condulet Form 7 (Feraloy iron alloy)
Crouse-Hinds,F7,C,2-1/2,2.5,C77,12,3.625,4.25,3.5625,8.375,,,CH1F-2022,p.10 (PDF p.4),"https://www.eaton.com/content/dam/eaton/products/conduit-cable-and-wire-management/crouse-hinds/catalog-pages/crouse-hinds-form8-mark9-catalog-page.pdf p.10, Condulet Form 7 C dimension table (copy read: https://safsale.com/image/catalog/pdf-seo/79/eaton-crouse-hinds-lb58-1-1-2-inch-iron-alloy-threaded-rigid-conduit-body-51419-brochure.pdf)",a=12; b=3 5/8; c=4 1/4; d=3 9/16; e=8 3/8,Condulet Form 7 (Feraloy iron alloy)
Crouse-Hinds,F7,C,3,3,C87,11.75,4.375,4.25,3.5625,8.375,,,CH1F-2022,p.10 (PDF p.4),"https://www.eaton.com/content/dam/eaton/products/conduit-cable-and-wire-management/crouse-hinds/catalog-pages/crouse-hinds-form8-mark9-catalog-page.pdf p.10, Condulet Form 7 C dimension table (copy read: https://safsale.com/image/catalog/pdf-seo/79/eaton-crouse-hinds-lb58-1-1-2-inch-iron-alloy-threaded-rigid-conduit-body-51419-brochure.pdf)",a=11 3/4; b=4 3/8; c=4 1/4; d=3 9/16; e=8 3/8,Condulet Form 7 (Feraloy iron alloy); a = 11 3/4 as published (shorter than 2-1/2 size 12)
Crouse-Hinds,F7,LB,1/2,0.5,LB17,4.5625,2.25,1.375,0.9375,3.1875,,,CH1F-2022,p.11 (PDF p.5),"https://www.eaton.com/content/dam/eaton/products/conduit-cable-and-wire-management/crouse-hinds/catalog-pages/crouse-hinds-form8-mark9-catalog-page.pdf p.11, Condulet Form 7 LB dimension table (copy read: https://safsale.com/image/catalog/pdf-seo/79/eaton-crouse-hinds-lb58-1-1-2-inch-iron-alloy-threaded-rigid-conduit-body-51419-brochure.pdf)",a=4 9/16; b=2 1/4; c=1 3/8; d=15/16; e=3 3/16,Condulet Form 7 (Feraloy iron alloy)
Crouse-Hinds,F7,LB,3/4,0.75,LB27,5.1875,2.5,1.5625,1.125,3.8125,,,CH1F-2022,p.11 (PDF p.5),"https://www.eaton.com/content/dam/eaton/products/conduit-cable-and-wire-management/crouse-hinds/catalog-pages/crouse-hinds-form8-mark9-catalog-page.pdf p.11, Condulet Form 7 LB dimension table (copy read: https://safsale.com/image/catalog/pdf-seo/79/eaton-crouse-hinds-lb58-1-1-2-inch-iron-alloy-threaded-rigid-conduit-body-51419-brochure.pdf)",a=5 3/16; b=2 1/2; c=1 9/16; d=1 1/8; e=3 13/16,Condulet Form 7 (Feraloy iron alloy)
Crouse-Hinds,F7,LB,1,1,LB37,6,2.875,1.75,1.375,4.5,,,CH1F-2022,p.11 (PDF p.5),"https://www.eaton.com/content/dam/eaton/products/conduit-cable-and-wire-management/crouse-hinds/catalog-pages/crouse-hinds-form8-mark9-catalog-page.pdf p.11, Condulet Form 7 LB dimension table (copy read: https://safsale.com/image/catalog/pdf-seo/79/eaton-crouse-hinds-lb58-1-1-2-inch-iron-alloy-threaded-rigid-conduit-body-51419-brochure.pdf)",a=6; b=2 7/8; c=1 3/4; d=1 3/8; e=4 1/2,Condulet Form 7 (Feraloy iron alloy)
Crouse-Hinds,F7,LB,1-1/4,1.25,LB47,6.5,3.3125,2.1875,1.75,5,,,CH1F-2022,p.11 (PDF p.5),"https://www.eaton.com/content/dam/eaton/products/conduit-cable-and-wire-management/crouse-hinds/catalog-pages/crouse-hinds-form8-mark9-catalog-page.pdf p.11, Condulet Form 7 LB dimension table (copy read: https://safsale.com/image/catalog/pdf-seo/79/eaton-crouse-hinds-lb58-1-1-2-inch-iron-alloy-threaded-rigid-conduit-body-51419-brochure.pdf)",a=6 1/2; b=3 5/16; c=2 3/16; d=1 3/4; e=5,Condulet Form 7 (Feraloy iron alloy)
Crouse-Hinds,F7,LB,1-1/2,1.5,LB57,7.125,3.6875,2.4375,1.9375,5.4375,,,CH1F-2022,p.11 (PDF p.5),"https://www.eaton.com/content/dam/eaton/products/conduit-cable-and-wire-management/crouse-hinds/catalog-pages/crouse-hinds-form8-mark9-catalog-page.pdf p.11, Condulet Form 7 LB dimension table (copy read: https://safsale.com/image/catalog/pdf-seo/79/eaton-crouse-hinds-lb58-1-1-2-inch-iron-alloy-threaded-rigid-conduit-body-51419-brochure.pdf)",a=7 1/8; b=3 11/16; c=2 7/16; d=1 15/16; e=5 7/16,Condulet Form 7 (Feraloy iron alloy)
Crouse-Hinds,F7,LB,2,2,LB67,8.125,4.25,3,2.4375,6.375,,,CH1F-2022,p.11 (PDF p.5),"https://www.eaton.com/content/dam/eaton/products/conduit-cable-and-wire-management/crouse-hinds/catalog-pages/crouse-hinds-form8-mark9-catalog-page.pdf p.11, Condulet Form 7 LB dimension table (copy read: https://safsale.com/image/catalog/pdf-seo/79/eaton-crouse-hinds-lb58-1-1-2-inch-iron-alloy-threaded-rigid-conduit-body-51419-brochure.pdf)",a=8 1/8; b=4 1/4; c=3; d=2 7/16; e=6 3/8,Condulet Form 7 (Feraloy iron alloy)
Crouse-Hinds,F7,LB,2-1/2,2.5,LB777,10.5,5.125,4.25,3.5625,8.375,,,CH1F-2022,p.11 (PDF p.5),"https://www.eaton.com/content/dam/eaton/products/conduit-cable-and-wire-management/crouse-hinds/catalog-pages/crouse-hinds-form8-mark9-catalog-page.pdf p.11, Condulet Form 7 LB dimension table (copy read: https://safsale.com/image/catalog/pdf-seo/79/eaton-crouse-hinds-lb58-1-1-2-inch-iron-alloy-threaded-rigid-conduit-body-51419-brochure.pdf)",a=10 1/2; b=5 1/8; c=4 1/4; d=3 9/16; e=8 3/8,Condulet Form 7 (Feraloy iron alloy)
Crouse-Hinds,F7,LB,3,3,LB87,10.5,5.875,4.25,3.5625,8.375,,,CH1F-2022,p.11 (PDF p.5),"https://www.eaton.com/content/dam/eaton/products/conduit-cable-and-wire-management/crouse-hinds/catalog-pages/crouse-hinds-form8-mark9-catalog-page.pdf p.11, Condulet Form 7 LB dimension table (copy read: https://safsale.com/image/catalog/pdf-seo/79/eaton-crouse-hinds-lb58-1-1-2-inch-iron-alloy-threaded-rigid-conduit-body-51419-brochure.pdf)",a=10 1/2; b=5 7/8; c=4 1/4; d=3 9/16; e=8 3/8,Condulet Form 7 (Feraloy iron alloy)
Crouse-Hinds,F7,LB,3-1/2,3.5,LB97,12.6875,6.5625,5.25,4.5,10.25,,,CH1F-2022,p.11 (PDF p.5),"https://www.eaton.com/content/dam/eaton/products/conduit-cable-and-wire-management/crouse-hinds/catalog-pages/crouse-hinds-form8-mark9-catalog-page.pdf p.11, Condulet Form 7 LB dimension table (copy read: https://safsale.com/image/catalog/pdf-seo/79/eaton-crouse-hinds-lb58-1-1-2-inch-iron-alloy-threaded-rigid-conduit-body-51419-brochure.pdf)",a=12 11/16; b=6 9/16; c=5 1/4; d=4 1/2; e=10 1/4,Condulet Form 7 (Feraloy iron alloy)
Crouse-Hinds,F7,LB,4,4,LB107,12.6875,7.0625,5.25,4.5,10.25,,,CH1F-2022,p.11 (PDF p.5),"https://www.eaton.com/content/dam/eaton/products/conduit-cable-and-wire-management/crouse-hinds/catalog-pages/crouse-hinds-form8-mark9-catalog-page.pdf p.11, Condulet Form 7 LB dimension table (copy read: https://safsale.com/image/catalog/pdf-seo/79/eaton-crouse-hinds-lb58-1-1-2-inch-iron-alloy-threaded-rigid-conduit-body-51419-brochure.pdf)",a=12 11/16; b=7 1/16; c=5 1/4; d=4 1/2; e=10 1/4,Condulet Form 7 (Feraloy iron alloy)
Crouse-Hinds,F7,LL,1/2,0.5,LL17,4.5625,1.375,2.25,0.9375,3.1875,,,CH1F-2022,p.11 (PDF p.5),"https://www.eaton.com/content/dam/eaton/products/conduit-cable-and-wire-management/crouse-hinds/catalog-pages/crouse-hinds-form8-mark9-catalog-page.pdf p.11, Condulet Form 7 LL & LR dimension table (copy read: https://safsale.com/image/catalog/pdf-seo/79/eaton-crouse-hinds-lb58-1-1-2-inch-iron-alloy-threaded-rigid-conduit-body-51419-brochure.pdf)",a=4 9/16; b=1 3/8; c=2 1/4; d=15/16; e=3 3/16,Condulet Form 7 (Feraloy iron alloy)
Crouse-Hinds,F7,LL,3/4,0.75,LL27,5.1875,1.625,2.4375,1.125,3.8125,,,CH1F-2022,p.11 (PDF p.5),"https://www.eaton.com/content/dam/eaton/products/conduit-cable-and-wire-management/crouse-hinds/catalog-pages/crouse-hinds-form8-mark9-catalog-page.pdf p.11, Condulet Form 7 LL & LR dimension table (copy read: https://safsale.com/image/catalog/pdf-seo/79/eaton-crouse-hinds-lb58-1-1-2-inch-iron-alloy-threaded-rigid-conduit-body-51419-brochure.pdf)",a=5 3/16; b=1 5/8; c=2 7/16; d=1 1/8; e=3 13/16,Condulet Form 7 (Feraloy iron alloy)
Crouse-Hinds,F7,LL,1,1,LL37,6,1.875,2.75,1.375,4.5,,,CH1F-2022,p.11 (PDF p.5),"https://www.eaton.com/content/dam/eaton/products/conduit-cable-and-wire-management/crouse-hinds/catalog-pages/crouse-hinds-form8-mark9-catalog-page.pdf p.11, Condulet Form 7 LL & LR dimension table (copy read: https://safsale.com/image/catalog/pdf-seo/79/eaton-crouse-hinds-lb58-1-1-2-inch-iron-alloy-threaded-rigid-conduit-body-51419-brochure.pdf)",a=6; b=1 7/8; c=2 3/4; d=1 3/8; e=4 1/2,Condulet Form 7 (Feraloy iron alloy)
Crouse-Hinds,F7,LL,1-1/4,1.25,LL47,6.5,2.3125,3.1875,1.75,5,,,CH1F-2022,p.11 (PDF p.5),"https://www.eaton.com/content/dam/eaton/products/conduit-cable-and-wire-management/crouse-hinds/catalog-pages/crouse-hinds-form8-mark9-catalog-page.pdf p.11, Condulet Form 7 LL & LR dimension table (copy read: https://safsale.com/image/catalog/pdf-seo/79/eaton-crouse-hinds-lb58-1-1-2-inch-iron-alloy-threaded-rigid-conduit-body-51419-brochure.pdf)",a=6 1/2; b=2 5/16; c=3 3/16; d=1 3/4; e=5,Condulet Form 7 (Feraloy iron alloy)
Crouse-Hinds,F7,LL,1-1/2,1.5,LL57,7.125,2.5625,3.5625,1.9375,5.4375,,,CH1F-2022,p.11 (PDF p.5),"https://www.eaton.com/content/dam/eaton/products/conduit-cable-and-wire-management/crouse-hinds/catalog-pages/crouse-hinds-form8-mark9-catalog-page.pdf p.11, Condulet Form 7 LL & LR dimension table (copy read: https://safsale.com/image/catalog/pdf-seo/79/eaton-crouse-hinds-lb58-1-1-2-inch-iron-alloy-threaded-rigid-conduit-body-51419-brochure.pdf)",a=7 1/8; b=2 9/16; c=3 9/16; d=1 15/16; e=5 7/16,Condulet Form 7 (Feraloy iron alloy)
Crouse-Hinds,F7,LL,2,2,LL67,8.125,3.125,4.125,2.4375,6.375,,,CH1F-2022,p.11 (PDF p.5),"https://www.eaton.com/content/dam/eaton/products/conduit-cable-and-wire-management/crouse-hinds/catalog-pages/crouse-hinds-form8-mark9-catalog-page.pdf p.11, Condulet Form 7 LL & LR dimension table (copy read: https://safsale.com/image/catalog/pdf-seo/79/eaton-crouse-hinds-lb58-1-1-2-inch-iron-alloy-threaded-rigid-conduit-body-51419-brochure.pdf)",a=8 1/8; b=3 1/8; c=4 1/8; d=2 7/16; e=6 3/8,Condulet Form 7 (Feraloy iron alloy)
Crouse-Hinds,F7,LL,2-1/2,2.5,LL777,10.5,3.625,5.75,3.5625,8.375,,,CH1F-2022,p.11 (PDF p.5),"https://www.eaton.com/content/dam/eaton/products/conduit-cable-and-wire-management/crouse-hinds/catalog-pages/crouse-hinds-form8-mark9-catalog-page.pdf p.11, Condulet Form 7 LL & LR dimension table (copy read: https://safsale.com/image/catalog/pdf-seo/79/eaton-crouse-hinds-lb58-1-1-2-inch-iron-alloy-threaded-rigid-conduit-body-51419-brochure.pdf)",a=10 1/2; b=3 5/8; c=5 3/4; d=3 9/16; e=8 3/8,Condulet Form 7 (Feraloy iron alloy)
Crouse-Hinds,F7,LL,3,3,LL87,10.5,4.375,5.75,3.5625,8.375,,,CH1F-2022,p.11 (PDF p.5),"https://www.eaton.com/content/dam/eaton/products/conduit-cable-and-wire-management/crouse-hinds/catalog-pages/crouse-hinds-form8-mark9-catalog-page.pdf p.11, Condulet Form 7 LL & LR dimension table (copy read: https://safsale.com/image/catalog/pdf-seo/79/eaton-crouse-hinds-lb58-1-1-2-inch-iron-alloy-threaded-rigid-conduit-body-51419-brochure.pdf)",a=10 1/2; b=4 3/8; c=5 3/4; d=3 9/16; e=8 3/8,Condulet Form 7 (Feraloy iron alloy)
Crouse-Hinds,F7,LL,3-1/2,3.5,,12.6875,4.875,6.9375,4.5,10.25,,,CH1F-2022,p.11 (PDF p.5),"https://www.eaton.com/content/dam/eaton/products/conduit-cable-and-wire-management/crouse-hinds/catalog-pages/crouse-hinds-form8-mark9-catalog-page.pdf p.11, Condulet Form 7 LL & LR dimension table (copy read: https://safsale.com/image/catalog/pdf-seo/79/eaton-crouse-hinds-lb58-1-1-2-inch-iron-alloy-threaded-rigid-conduit-body-51419-brochure.pdf)",a=12 11/16; b=4 7/8; c=6 15/16; d=4 1/2; e=10 1/4,Condulet Form 7 (Feraloy iron alloy); dimensions published; no catalog number in the p.7 shape table; no catalog number listed
Crouse-Hinds,F7,LL,4,4,LL107,12.6875,5.375,6.9375,4.5,10.25,,,CH1F-2022,p.11 (PDF p.5),"https://www.eaton.com/content/dam/eaton/products/conduit-cable-and-wire-management/crouse-hinds/catalog-pages/crouse-hinds-form8-mark9-catalog-page.pdf p.11, Condulet Form 7 LL & LR dimension table (copy read: https://safsale.com/image/catalog/pdf-seo/79/eaton-crouse-hinds-lb58-1-1-2-inch-iron-alloy-threaded-rigid-conduit-body-51419-brochure.pdf)",a=12 11/16; b=5 3/8; c=6 15/16; d=4 1/2; e=10 1/4,Condulet Form 7 (Feraloy iron alloy)
Crouse-Hinds,F7,LR,1/2,0.5,LR17,4.5625,1.375,2.25,0.9375,3.1875,,,CH1F-2022,p.11 (PDF p.5),"https://www.eaton.com/content/dam/eaton/products/conduit-cable-and-wire-management/crouse-hinds/catalog-pages/crouse-hinds-form8-mark9-catalog-page.pdf p.11, Condulet Form 7 LL & LR dimension table (copy read: https://safsale.com/image/catalog/pdf-seo/79/eaton-crouse-hinds-lb58-1-1-2-inch-iron-alloy-threaded-rigid-conduit-body-51419-brochure.pdf)",a=4 9/16; b=1 3/8; c=2 1/4; d=15/16; e=3 3/16,Condulet Form 7 (Feraloy iron alloy)
Crouse-Hinds,F7,LR,3/4,0.75,LR27,5.1875,1.625,2.4375,1.125,3.8125,,,CH1F-2022,p.11 (PDF p.5),"https://www.eaton.com/content/dam/eaton/products/conduit-cable-and-wire-management/crouse-hinds/catalog-pages/crouse-hinds-form8-mark9-catalog-page.pdf p.11, Condulet Form 7 LL & LR dimension table (copy read: https://safsale.com/image/catalog/pdf-seo/79/eaton-crouse-hinds-lb58-1-1-2-inch-iron-alloy-threaded-rigid-conduit-body-51419-brochure.pdf)",a=5 3/16; b=1 5/8; c=2 7/16; d=1 1/8; e=3 13/16,Condulet Form 7 (Feraloy iron alloy)
Crouse-Hinds,F7,LR,1,1,LR37,6,1.875,2.75,1.375,4.5,,,CH1F-2022,p.11 (PDF p.5),"https://www.eaton.com/content/dam/eaton/products/conduit-cable-and-wire-management/crouse-hinds/catalog-pages/crouse-hinds-form8-mark9-catalog-page.pdf p.11, Condulet Form 7 LL & LR dimension table (copy read: https://safsale.com/image/catalog/pdf-seo/79/eaton-crouse-hinds-lb58-1-1-2-inch-iron-alloy-threaded-rigid-conduit-body-51419-brochure.pdf)",a=6; b=1 7/8; c=2 3/4; d=1 3/8; e=4 1/2,Condulet Form 7 (Feraloy iron alloy)
Crouse-Hinds,F7,LR,1-1/4,1.25,LR47,6.5,2.3125,3.1875,1.75,5,,,CH1F-2022,p.11 (PDF p.5),"https://www.eaton.com/content/dam/eaton/products/conduit-cable-and-wire-management/crouse-hinds/catalog-pages/crouse-hinds-form8-mark9-catalog-page.pdf p.11, Condulet Form 7 LL & LR dimension table (copy read: https://safsale.com/image/catalog/pdf-seo/79/eaton-crouse-hinds-lb58-1-1-2-inch-iron-alloy-threaded-rigid-conduit-body-51419-brochure.pdf)",a=6 1/2; b=2 5/16; c=3 3/16; d=1 3/4; e=5,Condulet Form 7 (Feraloy iron alloy)
Crouse-Hinds,F7,LR,1-1/2,1.5,LR57,7.125,2.5625,3.5625,1.9375,5.4375,,,CH1F-2022,p.11 (PDF p.5),"https://www.eaton.com/content/dam/eaton/products/conduit-cable-and-wire-management/crouse-hinds/catalog-pages/crouse-hinds-form8-mark9-catalog-page.pdf p.11, Condulet Form 7 LL & LR dimension table (copy read: https://safsale.com/image/catalog/pdf-seo/79/eaton-crouse-hinds-lb58-1-1-2-inch-iron-alloy-threaded-rigid-conduit-body-51419-brochure.pdf)",a=7 1/8; b=2 9/16; c=3 9/16; d=1 15/16; e=5 7/16,Condulet Form 7 (Feraloy iron alloy)
Crouse-Hinds,F7,LR,2,2,LR67,8.125,3.125,4.125,2.4375,6.375,,,CH1F-2022,p.11 (PDF p.5),"https://www.eaton.com/content/dam/eaton/products/conduit-cable-and-wire-management/crouse-hinds/catalog-pages/crouse-hinds-form8-mark9-catalog-page.pdf p.11, Condulet Form 7 LL & LR dimension table (copy read: https://safsale.com/image/catalog/pdf-seo/79/eaton-crouse-hinds-lb58-1-1-2-inch-iron-alloy-threaded-rigid-conduit-body-51419-brochure.pdf)",a=8 1/8; b=3 1/8; c=4 1/8; d=2 7/16; e=6 3/8,Condulet Form 7 (Feraloy iron alloy)
Crouse-Hinds,F7,LR,2-1/2,2.5,LR777,10.5,3.625,5.75,3.5625,8.375,,,CH1F-2022,p.11 (PDF p.5),"https://www.eaton.com/content/dam/eaton/products/conduit-cable-and-wire-management/crouse-hinds/catalog-pages/crouse-hinds-form8-mark9-catalog-page.pdf p.11, Condulet Form 7 LL & LR dimension table (copy read: https://safsale.com/image/catalog/pdf-seo/79/eaton-crouse-hinds-lb58-1-1-2-inch-iron-alloy-threaded-rigid-conduit-body-51419-brochure.pdf)",a=10 1/2; b=3 5/8; c=5 3/4; d=3 9/16; e=8 3/8,Condulet Form 7 (Feraloy iron alloy)
Crouse-Hinds,F7,LR,3,3,LR87,10.5,4.375,5.75,3.5625,8.375,,,CH1F-2022,p.11 (PDF p.5),"https://www.eaton.com/content/dam/eaton/products/conduit-cable-and-wire-management/crouse-hinds/catalog-pages/crouse-hinds-form8-mark9-catalog-page.pdf p.11, Condulet Form 7 LL & LR dimension table (copy read: https://safsale.com/image/catalog/pdf-seo/79/eaton-crouse-hinds-lb58-1-1-2-inch-iron-alloy-threaded-rigid-conduit-body-51419-brochure.pdf)",a=10 1/2; b=4 3/8; c=5 3/4; d=3 9/16; e=8 3/8,Condulet Form 7 (Feraloy iron alloy)
Crouse-Hinds,F7,LR,3-1/2,3.5,,12.6875,4.875,6.9375,4.5,10.25,,,CH1F-2022,p.11 (PDF p.5),"https://www.eaton.com/content/dam/eaton/products/conduit-cable-and-wire-management/crouse-hinds/catalog-pages/crouse-hinds-form8-mark9-catalog-page.pdf p.11, Condulet Form 7 LL & LR dimension table (copy read: https://safsale.com/image/catalog/pdf-seo/79/eaton-crouse-hinds-lb58-1-1-2-inch-iron-alloy-threaded-rigid-conduit-body-51419-brochure.pdf)",a=12 11/16; b=4 7/8; c=6 15/16; d=4 1/2; e=10 1/4,Condulet Form 7 (Feraloy iron alloy); dimensions published; no catalog number in the p.7 shape table; no catalog number listed
Crouse-Hinds,F7,LR,4,4,LR107,12.6875,5.375,6.9375,4.5,10.25,,,CH1F-2022,p.11 (PDF p.5),"https://www.eaton.com/content/dam/eaton/products/conduit-cable-and-wire-management/crouse-hinds/catalog-pages/crouse-hinds-form8-mark9-catalog-page.pdf p.11, Condulet Form 7 LL & LR dimension table (copy read: https://safsale.com/image/catalog/pdf-seo/79/eaton-crouse-hinds-lb58-1-1-2-inch-iron-alloy-threaded-rigid-conduit-body-51419-brochure.pdf)",a=12 11/16; b=5 3/8; c=6 15/16; d=4 1/2; e=10 1/4,Condulet Form 7 (Feraloy iron alloy)
Crouse-Hinds,F7,T,1/2,0.5,T17,5.625,1.75,2.4375,0.9375,3.1875,,,CH1F-2022,p.12 (PDF p.6),"https://www.eaton.com/content/dam/eaton/products/conduit-cable-and-wire-management/crouse-hinds/catalog-pages/crouse-hinds-form8-mark9-catalog-page.pdf p.12, Condulet Form 7 T dimension table (copy read: https://safsale.com/image/catalog/pdf-seo/79/eaton-crouse-hinds-lb58-1-1-2-inch-iron-alloy-threaded-rigid-conduit-body-51419-brochure.pdf)",a=5 5/8; b=1 3/4; c=2 7/16; d=15/16; e=3 3/16,Condulet Form 7 (Feraloy iron alloy)
Crouse-Hinds,F7,T,3/4,0.75,T27,6.25,2,2.625,1.125,3.8125,,,CH1F-2022,p.12 (PDF p.6),"https://www.eaton.com/content/dam/eaton/products/conduit-cable-and-wire-management/crouse-hinds/catalog-pages/crouse-hinds-form8-mark9-catalog-page.pdf p.12, Condulet Form 7 T dimension table (copy read: https://safsale.com/image/catalog/pdf-seo/79/eaton-crouse-hinds-lb58-1-1-2-inch-iron-alloy-threaded-rigid-conduit-body-51419-brochure.pdf)",a=6 1/4; b=2; c=2 5/8; d=1 1/8; e=3 13/16,Condulet Form 7 (Feraloy iron alloy)
Crouse-Hinds,F7,T,1,1,T37,7.25,2.25,3,1.375,4.5,,,CH1F-2022,p.12 (PDF p.6),"https://www.eaton.com/content/dam/eaton/products/conduit-cable-and-wire-management/crouse-hinds/catalog-pages/crouse-hinds-form8-mark9-catalog-page.pdf p.12, Condulet Form 7 T dimension table (copy read: https://safsale.com/image/catalog/pdf-seo/79/eaton-crouse-hinds-lb58-1-1-2-inch-iron-alloy-threaded-rigid-conduit-body-51419-brochure.pdf)",a=7 1/4; b=2 1/4; c=3; d=1 3/8; e=4 1/2,Condulet Form 7 (Feraloy iron alloy)
Crouse-Hinds,F7,T,1-1/4,1.25,T47,7.4375,2.3125,3.1875,1.75,5,,,CH1F-2022,p.12 (PDF p.6),"https://www.eaton.com/content/dam/eaton/products/conduit-cable-and-wire-management/crouse-hinds/catalog-pages/crouse-hinds-form8-mark9-catalog-page.pdf p.12, Condulet Form 7 T dimension table (copy read: https://safsale.com/image/catalog/pdf-seo/79/eaton-crouse-hinds-lb58-1-1-2-inch-iron-alloy-threaded-rigid-conduit-body-51419-brochure.pdf)",a=7 7/16; b=2 5/16; c=3 3/16; d=1 3/4; e=5,Condulet Form 7 (Feraloy iron alloy)
Crouse-Hinds,F7,T,1-1/2,1.5,T57,8.1875,2.5625,3.5625,1.9375,5.4375,,,CH1F-2022,p.12 (PDF p.6),"https://www.eaton.com/content/dam/eaton/products/conduit-cable-and-wire-management/crouse-hinds/catalog-pages/crouse-hinds-form8-mark9-catalog-page.pdf p.12, Condulet Form 7 T dimension table (copy read: https://safsale.com/image/catalog/pdf-seo/79/eaton-crouse-hinds-lb58-1-1-2-inch-iron-alloy-threaded-rigid-conduit-body-51419-brochure.pdf)",a=8 3/16; b=2 9/16; c=3 9/16; d=1 15/16; e=5 7/16,Condulet Form 7 (Feraloy iron alloy)
Crouse-Hinds,F7,T,2,2,T67,9.1875,3.125,4.125,2.4375,6.375,,,CH1F-2022,p.12 (PDF p.6),"https://www.eaton.com/content/dam/eaton/products/conduit-cable-and-wire-management/crouse-hinds/catalog-pages/crouse-hinds-form8-mark9-catalog-page.pdf p.12, Condulet Form 7 T dimension table (copy read: https://safsale.com/image/catalog/pdf-seo/79/eaton-crouse-hinds-lb58-1-1-2-inch-iron-alloy-threaded-rigid-conduit-body-51419-brochure.pdf)",a=9 3/16; b=3 1/8; c=4 1/8; d=2 7/16; e=6 3/8,Condulet Form 7 (Feraloy iron alloy)
Crouse-Hinds,F7,T,2-1/2,2.5,T77,12,3.625,5.75,3.5625,8.375,,,CH1F-2022,p.12 (PDF p.6),"https://www.eaton.com/content/dam/eaton/products/conduit-cable-and-wire-management/crouse-hinds/catalog-pages/crouse-hinds-form8-mark9-catalog-page.pdf p.12, Condulet Form 7 T dimension table (copy read: https://safsale.com/image/catalog/pdf-seo/79/eaton-crouse-hinds-lb58-1-1-2-inch-iron-alloy-threaded-rigid-conduit-body-51419-brochure.pdf)",a=12; b=3 5/8; c=5 3/4; d=3 9/16; e=8 3/8,Condulet Form 7 (Feraloy iron alloy)
Crouse-Hinds,F7,T,3,3,T87,12.0625,4.375,5.75,3.5625,8.375,,,CH1F-2022,p.12 (PDF p.6),"https://www.eaton.com/content/dam/eaton/products/conduit-cable-and-wire-management/crouse-hinds/catalog-pages/crouse-hinds-form8-mark9-catalog-page.pdf p.12, Condulet Form 7 T dimension table (copy read: https://safsale.com/image/catalog/pdf-seo/79/eaton-crouse-hinds-lb58-1-1-2-inch-iron-alloy-threaded-rigid-conduit-body-51419-brochure.pdf)",a=12 1/16; b=4 3/8; c=5 3/4; d=3 9/16; e=8 3/8,Condulet Form 7 (Feraloy iron alloy)
Crouse-Hinds,F7,T,3-1/2,3.5,T97,14.3125,4.875,6.9375,4.5,10.25,,,CH1F-2022,p.12 (PDF p.6),"https://www.eaton.com/content/dam/eaton/products/conduit-cable-and-wire-management/crouse-hinds/catalog-pages/crouse-hinds-form8-mark9-catalog-page.pdf p.12, Condulet Form 7 T dimension table (copy read: https://safsale.com/image/catalog/pdf-seo/79/eaton-crouse-hinds-lb58-1-1-2-inch-iron-alloy-threaded-rigid-conduit-body-51419-brochure.pdf)",a=14 5/16; b=4 7/8; c=6 15/16; d=4 1/2; e=10 1/4,Condulet Form 7 (Feraloy iron alloy)
Crouse-Hinds,F7,T,4,4,T107,14.3125,5.375,6.9375,4.5,10.25,,,CH1F-2022,p.12 (PDF p.6),"https://www.eaton.com/content/dam/eaton/products/conduit-cable-and-wire-management/crouse-hinds/catalog-pages/crouse-hinds-form8-mark9-catalog-page.pdf p.12, Condulet Form 7 T dimension table (copy read: https://safsale.com/image/catalog/pdf-seo/79/eaton-crouse-hinds-lb58-1-1-2-inch-iron-alloy-threaded-rigid-conduit-body-51419-brochure.pdf)",a=14 5/16; b=5 3/8; c=6 15/16; d=4 1/2; e=10 1/4,Condulet Form 7 (Feraloy iron alloy)
Crouse-Hinds,F7,TB,1/2,0.5,TB17,5.625,2.625,1.5625,0.9375,3.1875,,,CH1F-2022,p.12 (PDF p.6),"https://www.eaton.com/content/dam/eaton/products/conduit-cable-and-wire-management/crouse-hinds/catalog-pages/crouse-hinds-form8-mark9-catalog-page.pdf p.12, Condulet Form 7 TB dimension table (copy read: https://safsale.com/image/catalog/pdf-seo/79/eaton-crouse-hinds-lb58-1-1-2-inch-iron-alloy-threaded-rigid-conduit-body-51419-brochure.pdf)",a=5 5/8; b=2 5/8; c=1 9/16; d=15/16; e=3 3/16,Condulet Form 7 (Feraloy iron alloy)
Crouse-Hinds,F7,TB,3/4,0.75,TB27,6.25,2.875,1.75,1.125,3.8125,,,CH1F-2022,p.12 (PDF p.6),"https://www.eaton.com/content/dam/eaton/products/conduit-cable-and-wire-management/crouse-hinds/catalog-pages/crouse-hinds-form8-mark9-catalog-page.pdf p.12, Condulet Form 7 TB dimension table (copy read: https://safsale.com/image/catalog/pdf-seo/79/eaton-crouse-hinds-lb58-1-1-2-inch-iron-alloy-threaded-rigid-conduit-body-51419-brochure.pdf)",a=6 1/4; b=2 7/8; c=1 3/4; d=1 1/8; e=3 13/16,Condulet Form 7 (Feraloy iron alloy)
Crouse-Hinds,F7,TB,1,1,TB37,7.25,3.25,2,1.375,4.5,,,CH1F-2022,p.12 (PDF p.6),"https://www.eaton.com/content/dam/eaton/products/conduit-cable-and-wire-management/crouse-hinds/catalog-pages/crouse-hinds-form8-mark9-catalog-page.pdf p.12, Condulet Form 7 TB dimension table (copy read: https://safsale.com/image/catalog/pdf-seo/79/eaton-crouse-hinds-lb58-1-1-2-inch-iron-alloy-threaded-rigid-conduit-body-51419-brochure.pdf)",a=7 1/4; b=3 1/4; c=2; d=1 3/8; e=4 1/2,Condulet Form 7 (Feraloy iron alloy)
Crouse-Hinds,F7,TB,1-1/4,1.25,TB47,7.4375,3.3125,2.1875,1.75,5,,,CH1F-2022,p.12 (PDF p.6),"https://www.eaton.com/content/dam/eaton/products/conduit-cable-and-wire-management/crouse-hinds/catalog-pages/crouse-hinds-form8-mark9-catalog-page.pdf p.12, Condulet Form 7 TB dimension table (copy read: https://safsale.com/image/catalog/pdf-seo/79/eaton-crouse-hinds-lb58-1-1-2-inch-iron-alloy-threaded-rigid-conduit-body-51419-brochure.pdf)",a=7 7/16; b=3 5/16; c=2 3/16; d=1 3/4; e=5,Condulet Form 7 (Feraloy iron alloy)
Crouse-Hinds,F7,TB,1-1/2,1.5,TB57,8.1875,5,2.4375,1.9375,5.4375,,,CH1F-2022,p.12 (PDF p.6),"https://www.eaton.com/content/dam/eaton/products/conduit-cable-and-wire-management/crouse-hinds/catalog-pages/crouse-hinds-form8-mark9-catalog-page.pdf p.12, Condulet Form 7 TB dimension table (copy read: https://safsale.com/image/catalog/pdf-seo/79/eaton-crouse-hinds-lb58-1-1-2-inch-iron-alloy-threaded-rigid-conduit-body-51419-brochure.pdf)",a=8 3/16; b=5; c=2 7/16; d=1 15/16; e=5 7/16,Condulet Form 7 (Feraloy iron alloy); b = 5 as published (large step from 1-1/4 size 3 5/16)
Crouse-Hinds,F7,TB,2,2,TB67,9.1875,6.125,3,2.4375,6.375,,,CH1F-2022,p.12 (PDF p.6),"https://www.eaton.com/content/dam/eaton/products/conduit-cable-and-wire-management/crouse-hinds/catalog-pages/crouse-hinds-form8-mark9-catalog-page.pdf p.12, Condulet Form 7 TB dimension table (copy read: https://safsale.com/image/catalog/pdf-seo/79/eaton-crouse-hinds-lb58-1-1-2-inch-iron-alloy-threaded-rigid-conduit-body-51419-brochure.pdf)",a=9 3/16; b=6 1/8; c=3; d=2 7/16; e=6 3/8,Condulet Form 7 (Feraloy iron alloy); b = 6 1/8 as published (large step from 1-1/4 size 3 5/16)
Crouse-Hinds,F8,C,1/2,0.5,C18,5.6875,1.4375,1.375,1,3.3125,,,CH1F-2022,p.10 (PDF p.4),"https://www.eaton.com/content/dam/eaton/products/conduit-cable-and-wire-management/crouse-hinds/catalog-pages/crouse-hinds-form8-mark9-catalog-page.pdf p.10, Condulet Form 8 C dimension table (copy read: https://safsale.com/image/catalog/pdf-seo/79/eaton-crouse-hinds-lb58-1-1-2-inch-iron-alloy-threaded-rigid-conduit-body-51419-brochure.pdf)",a=5 11/16; b=1 7/16; c=1 3/8; d=1; e=3 5/16,Condulet Form 8 (Feraloy iron alloy)
Crouse-Hinds,F8,C,3/4,0.75,C28,6.28125,1.6875,1.1875,1.1875,3.9375,,,CH1F-2022,p.10 (PDF p.4),"https://www.eaton.com/content/dam/eaton/products/conduit-cable-and-wire-management/crouse-hinds/catalog-pages/crouse-hinds-form8-mark9-catalog-page.pdf p.10, Condulet Form 8 C dimension table (copy read: https://safsale.com/image/catalog/pdf-seo/79/eaton-crouse-hinds-lb58-1-1-2-inch-iron-alloy-threaded-rigid-conduit-body-51419-brochure.pdf)",a=6 9/32; b=1 11/16; c=1 3/16; d=1 3/16; e=3 15/16,Condulet Form 8 (Feraloy iron alloy); c = 1 3/16 as published (smaller than 1/2 size 1 3/8; Form 8 LB 3/4 has c = 1 9/16) - probable catalog typo
Crouse-Hinds,F8,C,1,1,C38,7.3125,1.9375,1.75,1.375,4.5625,,,CH1F-2022,p.10 (PDF p.4),"https://www.eaton.com/content/dam/eaton/products/conduit-cable-and-wire-management/crouse-hinds/catalog-pages/crouse-hinds-form8-mark9-catalog-page.pdf p.10, Condulet Form 8 C dimension table (copy read: https://safsale.com/image/catalog/pdf-seo/79/eaton-crouse-hinds-lb58-1-1-2-inch-iron-alloy-threaded-rigid-conduit-body-51419-brochure.pdf)",a=7 5/16; b=1 15/16; c=1 3/4; d=1 3/8; e=4 9/16,Condulet Form 8 (Feraloy iron alloy)
Crouse-Hinds,F8,C,1-1/4,1.25,C448,8.5,2.375,2.1875,1.75,5.3125,,,CH1F-2022,p.10 (PDF p.4),"https://www.eaton.com/content/dam/eaton/products/conduit-cable-and-wire-management/crouse-hinds/catalog-pages/crouse-hinds-form8-mark9-catalog-page.pdf p.10, Condulet Form 8 C dimension table (copy read: https://safsale.com/image/catalog/pdf-seo/79/eaton-crouse-hinds-lb58-1-1-2-inch-iron-alloy-threaded-rigid-conduit-body-51419-brochure.pdf)",a=8 1/2; b=2 3/8; c=2 3/16; d=1 3/4; e=5 5/16,Condulet Form 8 (Feraloy iron alloy)
Crouse-Hinds,F8,C,1-1/2,1.5,C58,10.375,2.78125,2.75,2.125,6.5,,,CH1F-2022,p.10 (PDF p.4),"https://www.eaton.com/content/dam/eaton/products/conduit-cable-and-wire-management/crouse-hinds/catalog-pages/crouse-hinds-form8-mark9-catalog-page.pdf p.10, Condulet Form 8 C dimension table (copy read: https://safsale.com/image/catalog/pdf-seo/79/eaton-crouse-hinds-lb58-1-1-2-inch-iron-alloy-threaded-rigid-conduit-body-51419-brochure.pdf)",a=10 3/8; b=2 25/32; c=2 3/4; d=2 1/8; e=6 1/2,Condulet Form 8 (Feraloy iron alloy)
Crouse-Hinds,F8,C,2,2,C68,12.25,3.5625,3.75,3,8.5625,,,CH1F-2022,p.10 (PDF p.4),"https://www.eaton.com/content/dam/eaton/products/conduit-cable-and-wire-management/crouse-hinds/catalog-pages/crouse-hinds-form8-mark9-catalog-page.pdf p.10, Condulet Form 8 C dimension table (copy read: https://safsale.com/image/catalog/pdf-seo/79/eaton-crouse-hinds-lb58-1-1-2-inch-iron-alloy-threaded-rigid-conduit-body-51419-brochure.pdf)",a=12 1/4; b=3 9/16; c=3 3/4; d=3; e=8 9/16,Condulet Form 8 (Feraloy iron alloy)
Crouse-Hinds,F8,C,2-1/2,2.5,C78,15.625,4.4375,5,4.25,10.875,,,CH1F-2022,p.10 (PDF p.4),"https://www.eaton.com/content/dam/eaton/products/conduit-cable-and-wire-management/crouse-hinds/catalog-pages/crouse-hinds-form8-mark9-catalog-page.pdf p.10, Condulet Form 8 C dimension table (copy read: https://safsale.com/image/catalog/pdf-seo/79/eaton-crouse-hinds-lb58-1-1-2-inch-iron-alloy-threaded-rigid-conduit-body-51419-brochure.pdf)",a=15 5/8; b=4 7/16; c=5; d=4 1/4; e=10 7/8,Condulet Form 8 (Feraloy iron alloy)
Crouse-Hinds,F8,C,3,3,C88,15.625,4.8125,5,4.25,10.875,,,CH1F-2022,p.10 (PDF p.4),"https://www.eaton.com/content/dam/eaton/products/conduit-cable-and-wire-management/crouse-hinds/catalog-pages/crouse-hinds-form8-mark9-catalog-page.pdf p.10, Condulet Form 8 C dimension table (copy read: https://safsale.com/image/catalog/pdf-seo/79/eaton-crouse-hinds-lb58-1-1-2-inch-iron-alloy-threaded-rigid-conduit-body-51419-brochure.pdf)",a=15 5/8; b=4 13/16; c=5; d=4 1/4; e=10 7/8,Condulet Form 8 (Feraloy iron alloy)
Crouse-Hinds,F8,LB,1/2,0.5,LB18,4.9375,2.21875,1.375,1,3.3125,,,CH1F-2022,p.11 (PDF p.5),"https://www.eaton.com/content/dam/eaton/products/conduit-cable-and-wire-management/crouse-hinds/catalog-pages/crouse-hinds-form8-mark9-catalog-page.pdf p.11, Condulet Form 8 LB dimension table (copy read: https://safsale.com/image/catalog/pdf-seo/79/eaton-crouse-hinds-lb58-1-1-2-inch-iron-alloy-threaded-rigid-conduit-body-51419-brochure.pdf)",a=4 15/16; b=2 7/32; c=1 3/8; d=1; e=3 5/16,Condulet Form 8 (Feraloy iron alloy)
Crouse-Hinds,F8,LB,3/4,0.75,LB28,5.5625,2.4375,1.5625,1.1875,3.9375,,,CH1F-2022,p.11 (PDF p.5),"https://www.eaton.com/content/dam/eaton/products/conduit-cable-and-wire-management/crouse-hinds/catalog-pages/crouse-hinds-form8-mark9-catalog-page.pdf p.11, Condulet Form 8 LB dimension table (copy read: https://safsale.com/image/catalog/pdf-seo/79/eaton-crouse-hinds-lb58-1-1-2-inch-iron-alloy-threaded-rigid-conduit-body-51419-brochure.pdf)",a=5 9/16; b=2 7/16; c=1 9/16; d=1 3/16; e=3 15/16,Condulet Form 8 (Feraloy iron alloy)
Crouse-Hinds,F8,LB,1,1,LB38,6.46875,2.8125,1.75,1.375,4.5625,,,CH1F-2022,p.11 (PDF p.5),"https://www.eaton.com/content/dam/eaton/products/conduit-cable-and-wire-management/crouse-hinds/catalog-pages/crouse-hinds-form8-mark9-catalog-page.pdf p.11, Condulet Form 8 LB dimension table (copy read: https://safsale.com/image/catalog/pdf-seo/79/eaton-crouse-hinds-lb58-1-1-2-inch-iron-alloy-threaded-rigid-conduit-body-51419-brochure.pdf)",a=6 15/32; b=2 13/16; c=1 3/4; d=1 3/8; e=4 9/16,Condulet Form 8 (Feraloy iron alloy)
Crouse-Hinds,F8,LB,1-1/4,1.25,LB448,7.53125,3.34375,2.1875,1.75,5.3125,,,CH1F-2022,p.11 (PDF p.5),"https://www.eaton.com/content/dam/eaton/products/conduit-cable-and-wire-management/crouse-hinds/catalog-pages/crouse-hinds-form8-mark9-catalog-page.pdf p.11, Condulet Form 8 LB dimension table (copy read: https://safsale.com/image/catalog/pdf-seo/79/eaton-crouse-hinds-lb58-1-1-2-inch-iron-alloy-threaded-rigid-conduit-body-51419-brochure.pdf)",a=7 17/32; b=3 11/32; c=2 3/16; d=1 3/4; e=5 5/16,Condulet Form 8 (Feraloy iron alloy)
Crouse-Hinds,F8,LB,1-1/2,1.5,LB58,9.125,4.03125,2.75,2.125,6.5,,,CH1F-2022,p.11 (PDF p.5),"https://www.eaton.com/content/dam/eaton/products/conduit-cable-and-wire-management/crouse-hinds/catalog-pages/crouse-hinds-form8-mark9-catalog-page.pdf p.11, Condulet Form 8 LB dimension table (copy read: https://safsale.com/image/catalog/pdf-seo/79/eaton-crouse-hinds-lb58-1-1-2-inch-iron-alloy-threaded-rigid-conduit-body-51419-brochure.pdf)",a=9 1/8; b=4 1/32; c=2 3/4; d=2 1/8; e=6 1/2,Condulet Form 8 (Feraloy iron alloy)
Crouse-Hinds,F8,LB,2,2,LB68,11,4.8125,3.75,3,8.5625,,,CH1F-2022,p.11 (PDF p.5),"https://www.eaton.com/content/dam/eaton/products/conduit-cable-and-wire-management/crouse-hinds/catalog-pages/crouse-hinds-form8-mark9-catalog-page.pdf p.11, Condulet Form 8 LB dimension table (copy read: https://safsale.com/image/catalog/pdf-seo/79/eaton-crouse-hinds-lb58-1-1-2-inch-iron-alloy-threaded-rigid-conduit-body-51419-brochure.pdf)",a=11; b=4 13/16; c=3 3/4; d=3; e=8 9/16,Condulet Form 8 (Feraloy iron alloy)
Crouse-Hinds,F8,LB,2-1/2,2.5,LB78,13.9375,6.125,5,4.25,10.875,,,CH1F-2022,p.11 (PDF p.5),"https://www.eaton.com/content/dam/eaton/products/conduit-cable-and-wire-management/crouse-hinds/catalog-pages/crouse-hinds-form8-mark9-catalog-page.pdf p.11, Condulet Form 8 LB dimension table (copy read: https://safsale.com/image/catalog/pdf-seo/79/eaton-crouse-hinds-lb58-1-1-2-inch-iron-alloy-threaded-rigid-conduit-body-51419-brochure.pdf)",a=13 15/16; b=6 1/8; c=5; d=4 1/4; e=10 7/8,Condulet Form 8 (Feraloy iron alloy)
Crouse-Hinds,F8,LB,3,3,LB888,13.9375,6.5,5,4.25,10.875,,,CH1F-2022,p.11 (PDF p.5),"https://www.eaton.com/content/dam/eaton/products/conduit-cable-and-wire-management/crouse-hinds/catalog-pages/crouse-hinds-form8-mark9-catalog-page.pdf p.11, Condulet Form 8 LB dimension table (copy read: https://safsale.com/image/catalog/pdf-seo/79/eaton-crouse-hinds-lb58-1-1-2-inch-iron-alloy-threaded-rigid-conduit-body-51419-brochure.pdf)",a=13 15/16; b=6 1/2; c=5; d=4 1/4; e=10 7/8,Condulet Form 8 (Feraloy iron alloy)
Crouse-Hinds,F8,LB,3-1/2,3.5,LB98,16.875,7.5625,6.25,5.4375,13.4375,,,CH1F-2022,p.11 (PDF p.5),"https://www.eaton.com/content/dam/eaton/products/conduit-cable-and-wire-management/crouse-hinds/catalog-pages/crouse-hinds-form8-mark9-catalog-page.pdf p.11, Condulet Form 8 LB dimension table (copy read: https://safsale.com/image/catalog/pdf-seo/79/eaton-crouse-hinds-lb58-1-1-2-inch-iron-alloy-threaded-rigid-conduit-body-51419-brochure.pdf)",a=16 7/8; b=7 9/16; c=6 1/4; d=5 7/16; e=13 7/16,Condulet Form 8 (Feraloy iron alloy)
Crouse-Hinds,F8,LB,4,4,LB108,16.875,7.8125,6.25,5.4375,13.4375,,,CH1F-2022,p.11 (PDF p.5),"https://www.eaton.com/content/dam/eaton/products/conduit-cable-and-wire-management/crouse-hinds/catalog-pages/crouse-hinds-form8-mark9-catalog-page.pdf p.11, Condulet Form 8 LB dimension table (copy read: https://safsale.com/image/catalog/pdf-seo/79/eaton-crouse-hinds-lb58-1-1-2-inch-iron-alloy-threaded-rigid-conduit-body-51419-brochure.pdf)",a=16 7/8; b=7 13/16; c=6 1/4; d=5 7/16; e=13 7/16,Condulet Form 8 (Feraloy iron alloy)
Crouse-Hinds,F8,LL,1/2,0.5,LL18,4.9375,1.4375,2.15625,1,3.3125,,,CH1F-2022,p.11 (PDF p.5),"https://www.eaton.com/content/dam/eaton/products/conduit-cable-and-wire-management/crouse-hinds/catalog-pages/crouse-hinds-form8-mark9-catalog-page.pdf p.11, Condulet Form 8 LL & LR dimension table (copy read: https://safsale.com/image/catalog/pdf-seo/79/eaton-crouse-hinds-lb58-1-1-2-inch-iron-alloy-threaded-rigid-conduit-body-51419-brochure.pdf)",a=4 15/16; b=1 7/16; c=2 5/32; d=1; e=3 5/16,Condulet Form 8 (Feraloy iron alloy)
Crouse-Hinds,F8,LL,3/4,0.75,LL28,5.5625,1.6875,2.3125,1.1875,3.9375,,,CH1F-2022,p.11 (PDF p.5),"https://www.eaton.com/content/dam/eaton/products/conduit-cable-and-wire-management/crouse-hinds/catalog-pages/crouse-hinds-form8-mark9-catalog-page.pdf p.11, Condulet Form 8 LL & LR dimension table (copy read: https://safsale.com/image/catalog/pdf-seo/79/eaton-crouse-hinds-lb58-1-1-2-inch-iron-alloy-threaded-rigid-conduit-body-51419-brochure.pdf)",a=5 9/16; b=1 11/16; c=2 5/16; d=1 3/16; e=3 15/16,Condulet Form 8 (Feraloy iron alloy)
Crouse-Hinds,F8,LL,1,1,LL38,6.46875,1.9375,2.625,1.375,4.5625,,,CH1F-2022,p.11 (PDF p.5),"https://www.eaton.com/content/dam/eaton/products/conduit-cable-and-wire-management/crouse-hinds/catalog-pages/crouse-hinds-form8-mark9-catalog-page.pdf p.11, Condulet Form 8 LL & LR dimension table (copy read: https://safsale.com/image/catalog/pdf-seo/79/eaton-crouse-hinds-lb58-1-1-2-inch-iron-alloy-threaded-rigid-conduit-body-51419-brochure.pdf)",a=6 15/32; b=1 15/16; c=2 5/8; d=1 3/8; e=4 9/16,Condulet Form 8 (Feraloy iron alloy)
Crouse-Hinds,F8,LL,1-1/4,1.25,LL448,7.53125,2.375,3.15625,1.75,5.3125,,,CH1F-2022,p.11 (PDF p.5),"https://www.eaton.com/content/dam/eaton/products/conduit-cable-and-wire-management/crouse-hinds/catalog-pages/crouse-hinds-form8-mark9-catalog-page.pdf p.11, Condulet Form 8 LL & LR dimension table (copy read: https://safsale.com/image/catalog/pdf-seo/79/eaton-crouse-hinds-lb58-1-1-2-inch-iron-alloy-threaded-rigid-conduit-body-51419-brochure.pdf)",a=7 17/32; b=2 3/8; c=3 5/32; d=1 3/4; e=5 5/16,Condulet Form 8 (Feraloy iron alloy)
Crouse-Hinds,F8,LL,1-1/2,1.5,LL58,9.125,2.78125,4,2.125,6.5,,,CH1F-2022,p.11 (PDF p.5),"https://www.eaton.com/content/dam/eaton/products/conduit-cable-and-wire-management/crouse-hinds/catalog-pages/crouse-hinds-form8-mark9-catalog-page.pdf p.11, Condulet Form 8 LL & LR dimension table (copy read: https://safsale.com/image/catalog/pdf-seo/79/eaton-crouse-hinds-lb58-1-1-2-inch-iron-alloy-threaded-rigid-conduit-body-51419-brochure.pdf)",a=9 1/8; b=2 25/32; c=4; d=2 1/8; e=6 1/2,Condulet Form 8 (Feraloy iron alloy)
Crouse-Hinds,F8,LL,2,2,LL68,11,3.5625,5,3,8.5625,,,CH1F-2022,p.11 (PDF p.5),"https://www.eaton.com/content/dam/eaton/products/conduit-cable-and-wire-management/crouse-hinds/catalog-pages/crouse-hinds-form8-mark9-catalog-page.pdf p.11, Condulet Form 8 LL & LR dimension table (copy read: https://safsale.com/image/catalog/pdf-seo/79/eaton-crouse-hinds-lb58-1-1-2-inch-iron-alloy-threaded-rigid-conduit-body-51419-brochure.pdf)",a=11; b=3 9/16; c=5; d=3; e=8 9/16,Condulet Form 8 (Feraloy iron alloy)
Crouse-Hinds,F8,LL,2-1/2,2.5,LL78A,13.9375,4.4375,6.6875,4.25,10.875,,,CH1F-2022,p.11 (PDF p.5),"https://www.eaton.com/content/dam/eaton/products/conduit-cable-and-wire-management/crouse-hinds/catalog-pages/crouse-hinds-form8-mark9-catalog-page.pdf p.11, Condulet Form 8 LL & LR dimension table (copy read: https://safsale.com/image/catalog/pdf-seo/79/eaton-crouse-hinds-lb58-1-1-2-inch-iron-alloy-threaded-rigid-conduit-body-51419-brochure.pdf)",a=13 15/16; b=4 7/16; c=6 11/16; d=4 1/4; e=10 7/8,Condulet Form 8 (Feraloy iron alloy)
Crouse-Hinds,F8,LL,3,3,LL888,13.9375,4.8125,6.6875,4.25,10.875,,,CH1F-2022,p.11 (PDF p.5),"https://www.eaton.com/content/dam/eaton/products/conduit-cable-and-wire-management/crouse-hinds/catalog-pages/crouse-hinds-form8-mark9-catalog-page.pdf p.11, Condulet Form 8 LL & LR dimension table (copy read: https://safsale.com/image/catalog/pdf-seo/79/eaton-crouse-hinds-lb58-1-1-2-inch-iron-alloy-threaded-rigid-conduit-body-51419-brochure.pdf)",a=13 15/16; b=4 13/16; c=6 11/16; d=4 1/4; e=10 7/8,Condulet Form 8 (Feraloy iron alloy)
Crouse-Hinds,F8,LR,1/2,0.5,LR18,4.9375,1.4375,2.15625,1,3.3125,,,CH1F-2022,p.11 (PDF p.5),"https://www.eaton.com/content/dam/eaton/products/conduit-cable-and-wire-management/crouse-hinds/catalog-pages/crouse-hinds-form8-mark9-catalog-page.pdf p.11, Condulet Form 8 LL & LR dimension table (copy read: https://safsale.com/image/catalog/pdf-seo/79/eaton-crouse-hinds-lb58-1-1-2-inch-iron-alloy-threaded-rigid-conduit-body-51419-brochure.pdf)",a=4 15/16; b=1 7/16; c=2 5/32; d=1; e=3 5/16,Condulet Form 8 (Feraloy iron alloy)
Crouse-Hinds,F8,LR,3/4,0.75,LR28,5.5625,1.6875,2.3125,1.1875,3.9375,,,CH1F-2022,p.11 (PDF p.5),"https://www.eaton.com/content/dam/eaton/products/conduit-cable-and-wire-management/crouse-hinds/catalog-pages/crouse-hinds-form8-mark9-catalog-page.pdf p.11, Condulet Form 8 LL & LR dimension table (copy read: https://safsale.com/image/catalog/pdf-seo/79/eaton-crouse-hinds-lb58-1-1-2-inch-iron-alloy-threaded-rigid-conduit-body-51419-brochure.pdf)",a=5 9/16; b=1 11/16; c=2 5/16; d=1 3/16; e=3 15/16,Condulet Form 8 (Feraloy iron alloy)
Crouse-Hinds,F8,LR,1,1,LR38,6.46875,1.9375,2.625,1.375,4.5625,,,CH1F-2022,p.11 (PDF p.5),"https://www.eaton.com/content/dam/eaton/products/conduit-cable-and-wire-management/crouse-hinds/catalog-pages/crouse-hinds-form8-mark9-catalog-page.pdf p.11, Condulet Form 8 LL & LR dimension table (copy read: https://safsale.com/image/catalog/pdf-seo/79/eaton-crouse-hinds-lb58-1-1-2-inch-iron-alloy-threaded-rigid-conduit-body-51419-brochure.pdf)",a=6 15/32; b=1 15/16; c=2 5/8; d=1 3/8; e=4 9/16,Condulet Form 8 (Feraloy iron alloy)
Crouse-Hinds,F8,LR,1-1/4,1.25,LR448,7.53125,2.375,3.15625,1.75,5.3125,,,CH1F-2022,p.11 (PDF p.5),"https://www.eaton.com/content/dam/eaton/products/conduit-cable-and-wire-management/crouse-hinds/catalog-pages/crouse-hinds-form8-mark9-catalog-page.pdf p.11, Condulet Form 8 LL & LR dimension table (copy read: https://safsale.com/image/catalog/pdf-seo/79/eaton-crouse-hinds-lb58-1-1-2-inch-iron-alloy-threaded-rigid-conduit-body-51419-brochure.pdf)",a=7 17/32; b=2 3/8; c=3 5/32; d=1 3/4; e=5 5/16,Condulet Form 8 (Feraloy iron alloy)
Crouse-Hinds,F8,LR,1-1/2,1.5,LR58,9.125,2.78125,4,2.125,6.5,,,CH1F-2022,p.11 (PDF p.5),"https://www.eaton.com/content/dam/eaton/products/conduit-cable-and-wire-management/crouse-hinds/catalog-pages/crouse-hinds-form8-mark9-catalog-page.pdf p.11, Condulet Form 8 LL & LR dimension table (copy read: https://safsale.com/image/catalog/pdf-seo/79/eaton-crouse-hinds-lb58-1-1-2-inch-iron-alloy-threaded-rigid-conduit-body-51419-brochure.pdf)",a=9 1/8; b=2 25/32; c=4; d=2 1/8; e=6 1/2,Condulet Form 8 (Feraloy iron alloy)
Crouse-Hinds,F8,LR,2,2,LR68,11,3.5625,5,3,8.5625,,,CH1F-2022,p.11 (PDF p.5),"https://www.eaton.com/content/dam/eaton/products/conduit-cable-and-wire-management/crouse-hinds/catalog-pages/crouse-hinds-form8-mark9-catalog-page.pdf p.11, Condulet Form 8 LL & LR dimension table (copy read: https://safsale.com/image/catalog/pdf-seo/79/eaton-crouse-hinds-lb58-1-1-2-inch-iron-alloy-threaded-rigid-conduit-body-51419-brochure.pdf)",a=11; b=3 9/16; c=5; d=3; e=8 9/16,Condulet Form 8 (Feraloy iron alloy)
Crouse-Hinds,F8,LR,2-1/2,2.5,LR78A,13.9375,4.4375,6.6875,4.25,10.875,,,CH1F-2022,p.11 (PDF p.5),"https://www.eaton.com/content/dam/eaton/products/conduit-cable-and-wire-management/crouse-hinds/catalog-pages/crouse-hinds-form8-mark9-catalog-page.pdf p.11, Condulet Form 8 LL & LR dimension table (copy read: https://safsale.com/image/catalog/pdf-seo/79/eaton-crouse-hinds-lb58-1-1-2-inch-iron-alloy-threaded-rigid-conduit-body-51419-brochure.pdf)",a=13 15/16; b=4 7/16; c=6 11/16; d=4 1/4; e=10 7/8,Condulet Form 8 (Feraloy iron alloy)
Crouse-Hinds,F8,LR,3,3,LR888,13.9375,4.8125,6.6875,4.25,10.875,,,CH1F-2022,p.11 (PDF p.5),"https://www.eaton.com/content/dam/eaton/products/conduit-cable-and-wire-management/crouse-hinds/catalog-pages/crouse-hinds-form8-mark9-catalog-page.pdf p.11, Condulet Form 8 LL & LR dimension table (copy read: https://safsale.com/image/catalog/pdf-seo/79/eaton-crouse-hinds-lb58-1-1-2-inch-iron-alloy-threaded-rigid-conduit-body-51419-brochure.pdf)",a=13 15/16; b=4 13/16; c=6 11/16; d=4 1/4; e=10 7/8,Condulet Form 8 (Feraloy iron alloy)
Crouse-Hinds,F8,T,1/2,0.5,T18,5.6875,1.75,2.15625,1,3.3125,,,CH1F-2022,p.12 (PDF p.6),"https://www.eaton.com/content/dam/eaton/products/conduit-cable-and-wire-management/crouse-hinds/catalog-pages/crouse-hinds-form8-mark9-catalog-page.pdf p.12, Condulet Form 8 T dimension table (copy read: https://safsale.com/image/catalog/pdf-seo/79/eaton-crouse-hinds-lb58-1-1-2-inch-iron-alloy-threaded-rigid-conduit-body-51419-brochure.pdf)",a=5 11/16; b=1 3/4; c=2 5/32; d=1; e=3 5/16,Condulet Form 8 (Feraloy iron alloy)
Crouse-Hinds,F8,T,3/4,0.75,T28,6.28125,2,2.3125,1.1875,3.9375,,,CH1F-2022,p.12 (PDF p.6),"https://www.eaton.com/content/dam/eaton/products/conduit-cable-and-wire-management/crouse-hinds/catalog-pages/crouse-hinds-form8-mark9-catalog-page.pdf p.12, Condulet Form 8 T dimension table (copy read: https://safsale.com/image/catalog/pdf-seo/79/eaton-crouse-hinds-lb58-1-1-2-inch-iron-alloy-threaded-rigid-conduit-body-51419-brochure.pdf)",a=6 9/32; b=2; c=2 5/16; d=1 3/16; e=3 15/16,Condulet Form 8 (Feraloy iron alloy)
Crouse-Hinds,F8,T,1,1,T38,7.3125,2.25,2.625,1.375,4.5625,,,CH1F-2022,p.12 (PDF p.6),"https://www.eaton.com/content/dam/eaton/products/conduit-cable-and-wire-management/crouse-hinds/catalog-pages/crouse-hinds-form8-mark9-catalog-page.pdf p.12, Condulet Form 8 T dimension table (copy read: https://safsale.com/image/catalog/pdf-seo/79/eaton-crouse-hinds-lb58-1-1-2-inch-iron-alloy-threaded-rigid-conduit-body-51419-brochure.pdf)",a=7 5/16; b=2 1/4; c=2 5/8; d=1 3/8; e=4 9/16,Condulet Form 8 (Feraloy iron alloy)
Crouse-Hinds,F8,T,1-1/4,1.25,T448,8.5,2.625,3.15625,1.75,5.3125,,,CH1F-2022,p.12 (PDF p.6),"https://www.eaton.com/content/dam/eaton/products/conduit-cable-and-wire-management/crouse-hinds/catalog-pages/crouse-hinds-form8-mark9-catalog-page.pdf p.12, Condulet Form 8 T dimension table (copy read: https://safsale.com/image/catalog/pdf-seo/79/eaton-crouse-hinds-lb58-1-1-2-inch-iron-alloy-threaded-rigid-conduit-body-51419-brochure.pdf)",a=8 1/2; b=2 5/8; c=3 5/32; d=1 3/4; e=5 5/16,Condulet Form 8 (Feraloy iron alloy)
Crouse-Hinds,F8,T,1-1/2,1.5,T58,10.375,2.78125,4,2.125,6.5,,,CH1F-2022,p.12 (PDF p.6),"https://www.eaton.com/content/dam/eaton/products/conduit-cable-and-wire-management/crouse-hinds/catalog-pages/crouse-hinds-form8-mark9-catalog-page.pdf p.12, Condulet Form 8 T dimension table (copy read: https://safsale.com/image/catalog/pdf-seo/79/eaton-crouse-hinds-lb58-1-1-2-inch-iron-alloy-threaded-rigid-conduit-body-51419-brochure.pdf)",a=10 3/8; b=2 25/32; c=4; d=2 1/8; e=6 1/2,Condulet Form 8 (Feraloy iron alloy)
Crouse-Hinds,F8,T,2,2,T68,12.25,3.5625,5,3,8.5625,,,CH1F-2022,p.12 (PDF p.6),"https://www.eaton.com/content/dam/eaton/products/conduit-cable-and-wire-management/crouse-hinds/catalog-pages/crouse-hinds-form8-mark9-catalog-page.pdf p.12, Condulet Form 8 T dimension table (copy read: https://safsale.com/image/catalog/pdf-seo/79/eaton-crouse-hinds-lb58-1-1-2-inch-iron-alloy-threaded-rigid-conduit-body-51419-brochure.pdf)",a=12 1/4; b=3 9/16; c=5; d=3; e=8 9/16,Condulet Form 8 (Feraloy iron alloy)
Crouse-Hinds,F8,T,2-1/2,2.5,T78,15.625,4.4375,6.6875,4.25,10.875,,,CH1F-2022,p.12 (PDF p.6),"https://www.eaton.com/content/dam/eaton/products/conduit-cable-and-wire-management/crouse-hinds/catalog-pages/crouse-hinds-form8-mark9-catalog-page.pdf p.12, Condulet Form 8 T dimension table (copy read: https://safsale.com/image/catalog/pdf-seo/79/eaton-crouse-hinds-lb58-1-1-2-inch-iron-alloy-threaded-rigid-conduit-body-51419-brochure.pdf)",a=15 5/8; b=4 7/16; c=6 11/16; d=4 1/4; e=10 7/8,Condulet Form 8 (Feraloy iron alloy)
Crouse-Hinds,F8,T,3,3,T88,15.625,4.8125,6.6875,4.25,10.875,,,CH1F-2022,p.12 (PDF p.6),"https://www.eaton.com/content/dam/eaton/products/conduit-cable-and-wire-management/crouse-hinds/catalog-pages/crouse-hinds-form8-mark9-catalog-page.pdf p.12, Condulet Form 8 T dimension table (copy read: https://safsale.com/image/catalog/pdf-seo/79/eaton-crouse-hinds-lb58-1-1-2-inch-iron-alloy-threaded-rigid-conduit-body-51419-brochure.pdf)",a=15 5/8; b=4 13/16; c=6 11/16; d=4 1/4; e=10 7/8,Condulet Form 8 (Feraloy iron alloy)
Crouse-Hinds,F8,TB,1/2,0.5,TB18,5.6875,2.53125,1.375,1,3.3125,,,CH1F-2022,p.12 (PDF p.6),"https://www.eaton.com/content/dam/eaton/products/conduit-cable-and-wire-management/crouse-hinds/catalog-pages/crouse-hinds-form8-mark9-catalog-page.pdf p.12, Condulet Form 8 TB dimension table (copy read: https://safsale.com/image/catalog/pdf-seo/79/eaton-crouse-hinds-lb58-1-1-2-inch-iron-alloy-threaded-rigid-conduit-body-51419-brochure.pdf)",a=5 11/16; b=2 17/32; c=1 3/8; d=1; e=3 5/16,Condulet Form 8 (Feraloy iron alloy)
Crouse-Hinds,F8,TB,3/4,0.75,TB28,6.28125,2.75,1.5625,1.1875,3.9375,,,CH1F-2022,p.12 (PDF p.6),"https://www.eaton.com/content/dam/eaton/products/conduit-cable-and-wire-management/crouse-hinds/catalog-pages/crouse-hinds-form8-mark9-catalog-page.pdf p.12, Condulet Form 8 TB dimension table (copy read: https://safsale.com/image/catalog/pdf-seo/79/eaton-crouse-hinds-lb58-1-1-2-inch-iron-alloy-threaded-rigid-conduit-body-51419-brochure.pdf)",a=6 9/32; b=2 3/4; c=1 9/16; d=1 3/16; e=3 15/16,Condulet Form 8 (Feraloy iron alloy)
Crouse-Hinds,F8,TB,1,1,TB38,7.3125,3.125,1.75,1.375,4.5625,,,CH1F-2022,p.12 (PDF p.6),"https://www.eaton.com/content/dam/eaton/products/conduit-cable-and-wire-management/crouse-hinds/catalog-pages/crouse-hinds-form8-mark9-catalog-page.pdf p.12, Condulet Form 8 TB dimension table (copy read: https://safsale.com/image/catalog/pdf-seo/79/eaton-crouse-hinds-lb58-1-1-2-inch-iron-alloy-threaded-rigid-conduit-body-51419-brochure.pdf)",a=7 5/16; b=3 1/8; c=1 3/4; d=1 3/8; e=4 9/16,Condulet Form 8 (Feraloy iron alloy)
Crouse-Hinds,F8,TB,1-1/4,1.25,TB448,8.5,3.34375,2.1875,1.75,5.3125,,,CH1F-2022,p.12 (PDF p.6),"https://www.eaton.com/content/dam/eaton/products/conduit-cable-and-wire-management/crouse-hinds/catalog-pages/crouse-hinds-form8-mark9-catalog-page.pdf p.12, Condulet Form 8 TB dimension table (copy read: https://safsale.com/image/catalog/pdf-seo/79/eaton-crouse-hinds-lb58-1-1-2-inch-iron-alloy-threaded-rigid-conduit-body-51419-brochure.pdf)",a=8 1/2; b=3 11/32; c=2 3/16; d=1 3/4; e=5 5/16,Condulet Form 8 (Feraloy iron alloy)
Crouse-Hinds,F8,TB,1-1/2,1.5,TB58,10.375,4.03125,2.75,2.125,6.5,,,CH1F-2022,p.12 (PDF p.6),"https://www.eaton.com/content/dam/eaton/products/conduit-cable-and-wire-management/crouse-hinds/catalog-pages/crouse-hinds-form8-mark9-catalog-page.pdf p.12, Condulet Form 8 TB dimension table (copy read: https://safsale.com/image/catalog/pdf-seo/79/eaton-crouse-hinds-lb58-1-1-2-inch-iron-alloy-threaded-rigid-conduit-body-51419-brochure.pdf)",a=10 3/8; b=4 1/32; c=2 3/4; d=2 1/8; e=6 1/2,Condulet Form 8 (Feraloy iron alloy)
Crouse-Hinds,F8,TB,2,2,TB68,12.25,4.8125,3.75,3,8.5625,,,CH1F-2022,p.12 (PDF p.6),"https://www.eaton.com/content/dam/eaton/products/conduit-cable-and-wire-management/crouse-hinds/catalog-pages/crouse-hinds-form8-mark9-catalog-page.pdf p.12, Condulet Form 8 TB dimension table (copy read: https://safsale.com/image/catalog/pdf-seo/79/eaton-crouse-hinds-lb58-1-1-2-inch-iron-alloy-threaded-rigid-conduit-body-51419-brochure.pdf)",a=12 1/4; b=4 13/16; c=3 3/4; d=3; e=8 9/16,Condulet Form 8 (Feraloy iron alloy)
Crouse-Hinds,M9,C,1/2,0.5,C19,4.96875,1.40625,1.375,1.125,3.28125,,,CH1F-2022,p.10 (PDF p.4),"https://www.eaton.com/content/dam/eaton/products/conduit-cable-and-wire-management/crouse-hinds/catalog-pages/crouse-hinds-form8-mark9-catalog-page.pdf p.10, Condulet Mark 9 C dimension table (copy read: https://safsale.com/image/catalog/pdf-seo/79/eaton-crouse-hinds-lb58-1-1-2-inch-iron-alloy-threaded-rigid-conduit-body-51419-brochure.pdf)",a=4 31/32; b=1 13/32; c=1 3/8; d=1 1/8; e=3 9/32,Condulet Mark 9 (copper-free aluminum)
Crouse-Hinds,M9,C,3/4,0.75,C29,5.34375,1.625,1.5625,1.25,3.84375,,,CH1F-2022,p.10 (PDF p.4),"https://www.eaton.com/content/dam/eaton/products/conduit-cable-and-wire-management/crouse-hinds/catalog-pages/crouse-hinds-form8-mark9-catalog-page.pdf p.10, Condulet Mark 9 C dimension table (copy read: https://safsale.com/image/catalog/pdf-seo/79/eaton-crouse-hinds-lb58-1-1-2-inch-iron-alloy-threaded-rigid-conduit-body-51419-brochure.pdf)",a=5 11/32; b=1 5/8; c=1 9/16; d=1 1/4; e=3 27/32,Condulet Mark 9 (copper-free aluminum)
Crouse-Hinds,M9,C,1,1,C39,6.59375,1.875,1.75,1.375,4.5625,,,CH1F-2022,p.10 (PDF p.4),"https://www.eaton.com/content/dam/eaton/products/conduit-cable-and-wire-management/crouse-hinds/catalog-pages/crouse-hinds-form8-mark9-catalog-page.pdf p.10, Condulet Mark 9 C dimension table (copy read: https://safsale.com/image/catalog/pdf-seo/79/eaton-crouse-hinds-lb58-1-1-2-inch-iron-alloy-threaded-rigid-conduit-body-51419-brochure.pdf)",a=6 19/32; b=1 7/8; c=1 3/4; d=1 3/8; e=4 9/16,Condulet Mark 9 (copper-free aluminum)
Crouse-Hinds,M9,C,1-1/4,1.25,C49,7.625,2.5,2.1875,1.84375,5.1875,,,CH1F-2022,p.10 (PDF p.4),"https://www.eaton.com/content/dam/eaton/products/conduit-cable-and-wire-management/crouse-hinds/catalog-pages/crouse-hinds-form8-mark9-catalog-page.pdf p.10, Condulet Mark 9 C dimension table (copy read: https://safsale.com/image/catalog/pdf-seo/79/eaton-crouse-hinds-lb58-1-1-2-inch-iron-alloy-threaded-rigid-conduit-body-51419-brochure.pdf)",a=7 5/8; b=2 1/2; c=2 3/16; d=1 27/32; e=5 3/16,Condulet Mark 9 (copper-free aluminum)
Crouse-Hinds,M9,C,1-1/2,1.5,C59,8.34375,2.8125,2.5,2.15625,5.875,,,CH1F-2022,p.10 (PDF p.4),"https://www.eaton.com/content/dam/eaton/products/conduit-cable-and-wire-management/crouse-hinds/catalog-pages/crouse-hinds-form8-mark9-catalog-page.pdf p.10, Condulet Mark 9 C dimension table (copy read: https://safsale.com/image/catalog/pdf-seo/79/eaton-crouse-hinds-lb58-1-1-2-inch-iron-alloy-threaded-rigid-conduit-body-51419-brochure.pdf)",a=8 11/32; b=2 13/16; c=2 1/2; d=2 5/32; e=5 7/8,Condulet Mark 9 (copper-free aluminum)
Crouse-Hinds,M9,C,2,2,C69,10.625,3.4375,3.21875,2.78125,8.09375,,,CH1F-2022,p.10 (PDF p.4),"https://www.eaton.com/content/dam/eaton/products/conduit-cable-and-wire-management/crouse-hinds/catalog-pages/crouse-hinds-form8-mark9-catalog-page.pdf p.10, Condulet Mark 9 C dimension table (copy read: https://safsale.com/image/catalog/pdf-seo/79/eaton-crouse-hinds-lb58-1-1-2-inch-iron-alloy-threaded-rigid-conduit-body-51419-brochure.pdf)",a=10 5/8; b=3 7/16; c=3 7/32; d=2 25/32; e=8 3/32,Condulet Mark 9 (copper-free aluminum)
Crouse-Hinds,M9,C,2-1/2,2.5,C789,15.625,4.4375,5,4.25,10.875,,,CH1F-2022,p.10 (PDF p.4),"https://www.eaton.com/content/dam/eaton/products/conduit-cable-and-wire-management/crouse-hinds/catalog-pages/crouse-hinds-form8-mark9-catalog-page.pdf p.10, Condulet Mark 9 C dimension table (copy read: https://safsale.com/image/catalog/pdf-seo/79/eaton-crouse-hinds-lb58-1-1-2-inch-iron-alloy-threaded-rigid-conduit-body-51419-brochure.pdf)",a=15 5/8; b=4 7/16; c=5; d=4 1/4; e=10 7/8,Condulet Mark 9 (copper-free aluminum)
Crouse-Hinds,M9,C,3,3,C889,15.625,4.8125,5,4.25,10.875,,,CH1F-2022,p.10 (PDF p.4),"https://www.eaton.com/content/dam/eaton/products/conduit-cable-and-wire-management/crouse-hinds/catalog-pages/crouse-hinds-form8-mark9-catalog-page.pdf p.10, Condulet Mark 9 C dimension table (copy read: https://safsale.com/image/catalog/pdf-seo/79/eaton-crouse-hinds-lb58-1-1-2-inch-iron-alloy-threaded-rigid-conduit-body-51419-brochure.pdf)",a=15 5/8; b=4 13/16; c=5; d=4 1/4; e=10 7/8,Condulet Mark 9 (copper-free aluminum)
Crouse-Hinds,M9,C,3-1/2,3.5,C989,18.75,5.6875,6.25,5.4375,13.4375,,,CH1F-2022,p.10 (PDF p.4),"https://www.eaton.com/content/dam/eaton/products/conduit-cable-and-wire-management/crouse-hinds/catalog-pages/crouse-hinds-form8-mark9-catalog-page.pdf p.10, Condulet Mark 9 C dimension table (copy read: https://safsale.com/image/catalog/pdf-seo/79/eaton-crouse-hinds-lb58-1-1-2-inch-iron-alloy-threaded-rigid-conduit-body-51419-brochure.pdf)",a=18 3/4; b=5 11/16; c=6 1/4; d=5 7/16; e=13 7/16,Condulet Mark 9 (copper-free aluminum)
Crouse-Hinds,M9,C,4,4,C1089,18.75,5.9375,6.25,5.4375,13.4375,,,CH1F-2022,p.10 (PDF p.4),"https://www.eaton.com/content/dam/eaton/products/conduit-cable-and-wire-management/crouse-hinds/catalog-pages/crouse-hinds-form8-mark9-catalog-page.pdf p.10, Condulet Mark 9 C dimension table (copy read: https://safsale.com/image/catalog/pdf-seo/79/eaton-crouse-hinds-lb58-1-1-2-inch-iron-alloy-threaded-rigid-conduit-body-51419-brochure.pdf)",a=18 3/4; b=5 15/16; c=6 1/4; d=5 7/16; e=13 7/16,Condulet Mark 9 (copper-free aluminum)
Crouse-Hinds,M9,LB,1/2,0.5,LB19,4.59375,2.125,1.375,1.0625,3.28125,,,CH1F-2022,p.11 (PDF p.5),"https://www.eaton.com/content/dam/eaton/products/conduit-cable-and-wire-management/crouse-hinds/catalog-pages/crouse-hinds-form8-mark9-catalog-page.pdf p.11, Condulet Mark 9 LB dimension table (copy read: https://safsale.com/image/catalog/pdf-seo/79/eaton-crouse-hinds-lb58-1-1-2-inch-iron-alloy-threaded-rigid-conduit-body-51419-brochure.pdf)",a=4 19/32; b=2 1/8; c=1 3/8; d=1 1/16; e=3 9/32,Condulet Mark 9 (copper-free aluminum)
Crouse-Hinds,M9,LB,3/4,0.75,LB29,5.25,2.46875,1.59375,1.28125,3.84375,,,CH1F-2022,p.11 (PDF p.5),"https://www.eaton.com/content/dam/eaton/products/conduit-cable-and-wire-management/crouse-hinds/catalog-pages/crouse-hinds-form8-mark9-catalog-page.pdf p.11, Condulet Mark 9 LB dimension table (copy read: https://safsale.com/image/catalog/pdf-seo/79/eaton-crouse-hinds-lb58-1-1-2-inch-iron-alloy-threaded-rigid-conduit-body-51419-brochure.pdf)",a=5 1/4; b=2 15/32; c=1 19/32; d=1 9/32; e=3 27/32,Condulet Mark 9 (copper-free aluminum)
Crouse-Hinds,M9,LB,1,1,LB39,6.09375,2.8125,1.75,1.4375,4.5625,,,CH1F-2022,p.11 (PDF p.5),"https://www.eaton.com/content/dam/eaton/products/conduit-cable-and-wire-management/crouse-hinds/catalog-pages/crouse-hinds-form8-mark9-catalog-page.pdf p.11, Condulet Mark 9 LB dimension table (copy read: https://safsale.com/image/catalog/pdf-seo/79/eaton-crouse-hinds-lb58-1-1-2-inch-iron-alloy-threaded-rigid-conduit-body-51419-brochure.pdf)",a=6 3/32; b=2 13/16; c=1 3/4; d=1 7/16; e=4 9/16,Condulet Mark 9 (copper-free aluminum)
Crouse-Hinds,M9,LB,1-1/4,1.25,LB49,7.09375,3.625,2.1875,1.875,5.1875,,,CH1F-2022,p.11 (PDF p.5),"https://www.eaton.com/content/dam/eaton/products/conduit-cable-and-wire-management/crouse-hinds/catalog-pages/crouse-hinds-form8-mark9-catalog-page.pdf p.11, Condulet Mark 9 LB dimension table (copy read: https://safsale.com/image/catalog/pdf-seo/79/eaton-crouse-hinds-lb58-1-1-2-inch-iron-alloy-threaded-rigid-conduit-body-51419-brochure.pdf)",a=7 3/32; b=3 5/8; c=2 3/16; d=1 7/8; e=5 3/16,Condulet Mark 9 (copper-free aluminum)
Crouse-Hinds,M9,LB,1-1/2,1.5,LB59,7.78125,3.875,2.5,2.1875,5.875,,,CH1F-2022,p.11 (PDF p.5),"https://www.eaton.com/content/dam/eaton/products/conduit-cable-and-wire-management/crouse-hinds/catalog-pages/crouse-hinds-form8-mark9-catalog-page.pdf p.11, Condulet Mark 9 LB dimension table (copy read: https://safsale.com/image/catalog/pdf-seo/79/eaton-crouse-hinds-lb58-1-1-2-inch-iron-alloy-threaded-rigid-conduit-body-51419-brochure.pdf)",a=7 25/32; b=3 7/8; c=2 1/2; d=2 3/16; e=5 7/8,Condulet Mark 9 (copper-free aluminum)
Crouse-Hinds,M9,LB,2,2,LB69,10.09375,4.59375,3.21875,2.90625,8.09375,,,CH1F-2022,p.11 (PDF p.5),"https://www.eaton.com/content/dam/eaton/products/conduit-cable-and-wire-management/crouse-hinds/catalog-pages/crouse-hinds-form8-mark9-catalog-page.pdf p.11, Condulet Mark 9 LB dimension table (copy read: https://safsale.com/image/catalog/pdf-seo/79/eaton-crouse-hinds-lb58-1-1-2-inch-iron-alloy-threaded-rigid-conduit-body-51419-brochure.pdf)",a=10 3/32; b=4 19/32; c=3 7/32; d=2 29/32; e=8 3/32,Condulet Mark 9 (copper-free aluminum)
Crouse-Hinds,M9,LB,2-1/2,2.5,LB789,13.9375,6.125,5,4.25,10.875,,,CH1F-2022,p.11 (PDF p.5),"https://www.eaton.com/content/dam/eaton/products/conduit-cable-and-wire-management/crouse-hinds/catalog-pages/crouse-hinds-form8-mark9-catalog-page.pdf p.11, Condulet Mark 9 LB dimension table (copy read: https://safsale.com/image/catalog/pdf-seo/79/eaton-crouse-hinds-lb58-1-1-2-inch-iron-alloy-threaded-rigid-conduit-body-51419-brochure.pdf)",a=13 15/16; b=6 1/8; c=5; d=4 1/4; e=10 7/8,Condulet Mark 9 (copper-free aluminum)
Crouse-Hinds,M9,LB,3,3,LB889,13.9375,6.5,5,4.25,10.875,,,CH1F-2022,p.11 (PDF p.5),"https://www.eaton.com/content/dam/eaton/products/conduit-cable-and-wire-management/crouse-hinds/catalog-pages/crouse-hinds-form8-mark9-catalog-page.pdf p.11, Condulet Mark 9 LB dimension table (copy read: https://safsale.com/image/catalog/pdf-seo/79/eaton-crouse-hinds-lb58-1-1-2-inch-iron-alloy-threaded-rigid-conduit-body-51419-brochure.pdf)",a=13 15/16; b=6 1/2; c=5; d=4 1/4; e=10 7/8,Condulet Mark 9 (copper-free aluminum)
Crouse-Hinds,M9,LB,3-1/2,3.5,,16.875,7.5625,6.25,5.4375,13.4375,,,CH1F-2022,p.11 (PDF p.5),"https://www.eaton.com/content/dam/eaton/products/conduit-cable-and-wire-management/crouse-hinds/catalog-pages/crouse-hinds-form8-mark9-catalog-page.pdf p.11, Condulet Mark 9 LB dimension table (copy read: https://safsale.com/image/catalog/pdf-seo/79/eaton-crouse-hinds-lb58-1-1-2-inch-iron-alloy-threaded-rigid-conduit-body-51419-brochure.pdf)",a=16 7/8; b=7 9/16; c=6 1/4; d=5 7/16; e=13 7/16,Condulet Mark 9 (copper-free aluminum); dimensions published; no catalog number in the p.7 shape table; no catalog number listed
Crouse-Hinds,M9,LB,4,4,LB1089,16.875,7.8125,6.25,5.4375,13.4375,,,CH1F-2022,p.11 (PDF p.5),"https://www.eaton.com/content/dam/eaton/products/conduit-cable-and-wire-management/crouse-hinds/catalog-pages/crouse-hinds-form8-mark9-catalog-page.pdf p.11, Condulet Mark 9 LB dimension table (copy read: https://safsale.com/image/catalog/pdf-seo/79/eaton-crouse-hinds-lb58-1-1-2-inch-iron-alloy-threaded-rigid-conduit-body-51419-brochure.pdf)",a=16 7/8; b=7 13/16; c=6 1/4; d=5 7/16; e=13 7/16,Condulet Mark 9 (copper-free aluminum)
Crouse-Hinds,M9,LL,1/2,0.5,LL19,4.59375,1.40625,2.125,1.0625,3.28125,,,CH1F-2022,p.11 (PDF p.5),"https://www.eaton.com/content/dam/eaton/products/conduit-cable-and-wire-management/crouse-hinds/catalog-pages/crouse-hinds-form8-mark9-catalog-page.pdf p.11, Condulet Mark 9 LL & LR dimension table (copy read: https://safsale.com/image/catalog/pdf-seo/79/eaton-crouse-hinds-lb58-1-1-2-inch-iron-alloy-threaded-rigid-conduit-body-51419-brochure.pdf)",a=4 19/32; b=1 13/32; c=2 1/8; d=1 1/16; e=3 9/32,Condulet Mark 9 (copper-free aluminum)
Crouse-Hinds,M9,LL,3/4,0.75,LL29,5.25,1.625,2.3125,1.25,3.84375,,,CH1F-2022,p.11 (PDF p.5),"https://www.eaton.com/content/dam/eaton/products/conduit-cable-and-wire-management/crouse-hinds/catalog-pages/crouse-hinds-form8-mark9-catalog-page.pdf p.11, Condulet Mark 9 LL & LR dimension table (copy read: https://safsale.com/image/catalog/pdf-seo/79/eaton-crouse-hinds-lb58-1-1-2-inch-iron-alloy-threaded-rigid-conduit-body-51419-brochure.pdf)",a=5 1/4; b=1 5/8; c=2 5/16; d=1 1/4; e=3 27/32,Condulet Mark 9 (copper-free aluminum)
Crouse-Hinds,M9,LL,1,1,LL39,6.09375,1.875,2.6875,1.375,4.5625,,,CH1F-2022,p.11 (PDF p.5),"https://www.eaton.com/content/dam/eaton/products/conduit-cable-and-wire-management/crouse-hinds/catalog-pages/crouse-hinds-form8-mark9-catalog-page.pdf p.11, Condulet Mark 9 LL & LR dimension table (copy read: https://safsale.com/image/catalog/pdf-seo/79/eaton-crouse-hinds-lb58-1-1-2-inch-iron-alloy-threaded-rigid-conduit-body-51419-brochure.pdf)",a=6 3/32; b=1 7/8; c=2 11/16; d=1 3/8; e=4 9/16,Condulet Mark 9 (copper-free aluminum)
Crouse-Hinds,M9,LL,1-1/4,1.25,LL49,7.09375,2.5,3.25,1.875,5.1875,,,CH1F-2022,p.11 (PDF p.5),"https://www.eaton.com/content/dam/eaton/products/conduit-cable-and-wire-management/crouse-hinds/catalog-pages/crouse-hinds-form8-mark9-catalog-page.pdf p.11, Condulet Mark 9 LL & LR dimension table (copy read: https://safsale.com/image/catalog/pdf-seo/79/eaton-crouse-hinds-lb58-1-1-2-inch-iron-alloy-threaded-rigid-conduit-body-51419-brochure.pdf)",a=7 3/32; b=2 1/2; c=3 1/4; d=1 7/8; e=5 3/16,Condulet Mark 9 (copper-free aluminum)
Crouse-Hinds,M9,LL,1-1/2,1.5,LL59,7.796875,2.8125,3.5,2.1875,5.875,,,CH1F-2022,p.11 (PDF p.5),"https://www.eaton.com/content/dam/eaton/products/conduit-cable-and-wire-management/crouse-hinds/catalog-pages/crouse-hinds-form8-mark9-catalog-page.pdf p.11, Condulet Mark 9 LL & LR dimension table (copy read: https://safsale.com/image/catalog/pdf-seo/79/eaton-crouse-hinds-lb58-1-1-2-inch-iron-alloy-threaded-rigid-conduit-body-51419-brochure.pdf)",a=7 51/64; b=2 13/16; c=3 1/2; d=2 3/16; e=5 7/8,Condulet Mark 9 (copper-free aluminum); a = 7 51/64 as published (LB/C same size 7 25/32 / 8 11/32)
Crouse-Hinds,M9,LL,2,2,LL69,10.09375,3.4375,4.203125,2.90625,8.09375,,,CH1F-2022,p.11 (PDF p.5),"https://www.eaton.com/content/dam/eaton/products/conduit-cable-and-wire-management/crouse-hinds/catalog-pages/crouse-hinds-form8-mark9-catalog-page.pdf p.11, Condulet Mark 9 LL & LR dimension table (copy read: https://safsale.com/image/catalog/pdf-seo/79/eaton-crouse-hinds-lb58-1-1-2-inch-iron-alloy-threaded-rigid-conduit-body-51419-brochure.pdf)",a=10 3/32; b=3 7/16; c=4 13/64; d=2 29/32; e=8 3/32,Condulet Mark 9 (copper-free aluminum)
Crouse-Hinds,M9,LL,2-1/2,2.5,LL789,13.9375,4.4375,6.6875,4.25,10.875,,,CH1F-2022,p.11 (PDF p.5),"https://www.eaton.com/content/dam/eaton/products/conduit-cable-and-wire-management/crouse-hinds/catalog-pages/crouse-hinds-form8-mark9-catalog-page.pdf p.11, Condulet Mark 9 LL & LR dimension table (copy read: https://safsale.com/image/catalog/pdf-seo/79/eaton-crouse-hinds-lb58-1-1-2-inch-iron-alloy-threaded-rigid-conduit-body-51419-brochure.pdf)",a=13 15/16; b=4 7/16; c=6 11/16; d=4 1/4; e=10 7/8,Condulet Mark 9 (copper-free aluminum)
Crouse-Hinds,M9,LL,3,3,LL889,13.9375,4.8125,6.6875,4.25,10.875,,,CH1F-2022,p.11 (PDF p.5),"https://www.eaton.com/content/dam/eaton/products/conduit-cable-and-wire-management/crouse-hinds/catalog-pages/crouse-hinds-form8-mark9-catalog-page.pdf p.11, Condulet Mark 9 LL & LR dimension table (copy read: https://safsale.com/image/catalog/pdf-seo/79/eaton-crouse-hinds-lb58-1-1-2-inch-iron-alloy-threaded-rigid-conduit-body-51419-brochure.pdf)",a=13 15/16; b=4 13/16; c=6 11/16; d=4 1/4; e=10 7/8,Condulet Mark 9 (copper-free aluminum)
Crouse-Hinds,M9,LL,3-1/2,3.5,LL989,16.875,5.6875,8.125,5.4375,13.4375,,,CH1F-2022,p.11 (PDF p.5),"https://www.eaton.com/content/dam/eaton/products/conduit-cable-and-wire-management/crouse-hinds/catalog-pages/crouse-hinds-form8-mark9-catalog-page.pdf p.11, Condulet Mark 9 LL & LR dimension table (copy read: https://safsale.com/image/catalog/pdf-seo/79/eaton-crouse-hinds-lb58-1-1-2-inch-iron-alloy-threaded-rigid-conduit-body-51419-brochure.pdf)",a=16 7/8; b=5 11/16; c=8 1/8; d=5 7/16; e=13 7/16,Condulet Mark 9 (copper-free aluminum)
Crouse-Hinds,M9,LL,4,4,LL1089,16.875,5.9375,8.125,5.4375,13.4375,,,CH1F-2022,p.11 (PDF p.5),"https://www.eaton.com/content/dam/eaton/products/conduit-cable-and-wire-management/crouse-hinds/catalog-pages/crouse-hinds-form8-mark9-catalog-page.pdf p.11, Condulet Mark 9 LL & LR dimension table (copy read: https://safsale.com/image/catalog/pdf-seo/79/eaton-crouse-hinds-lb58-1-1-2-inch-iron-alloy-threaded-rigid-conduit-body-51419-brochure.pdf)",a=16 7/8; b=5 15/16; c=8 1/8; d=5 7/16; e=13 7/16,Condulet Mark 9 (copper-free aluminum)
Crouse-Hinds,M9,LR,1/2,0.5,LR19,4.59375,1.40625,2.125,1.0625,3.28125,,,CH1F-2022,p.11 (PDF p.5),"https://www.eaton.com/content/dam/eaton/products/conduit-cable-and-wire-management/crouse-hinds/catalog-pages/crouse-hinds-form8-mark9-catalog-page.pdf p.11, Condulet Mark 9 LL & LR dimension table (copy read: https://safsale.com/image/catalog/pdf-seo/79/eaton-crouse-hinds-lb58-1-1-2-inch-iron-alloy-threaded-rigid-conduit-body-51419-brochure.pdf)",a=4 19/32; b=1 13/32; c=2 1/8; d=1 1/16; e=3 9/32,Condulet Mark 9 (copper-free aluminum)
Crouse-Hinds,M9,LR,3/4,0.75,LR29,5.25,1.625,2.3125,1.25,3.84375,,,CH1F-2022,p.11 (PDF p.5),"https://www.eaton.com/content/dam/eaton/products/conduit-cable-and-wire-management/crouse-hinds/catalog-pages/crouse-hinds-form8-mark9-catalog-page.pdf p.11, Condulet Mark 9 LL & LR dimension table (copy read: https://safsale.com/image/catalog/pdf-seo/79/eaton-crouse-hinds-lb58-1-1-2-inch-iron-alloy-threaded-rigid-conduit-body-51419-brochure.pdf)",a=5 1/4; b=1 5/8; c=2 5/16; d=1 1/4; e=3 27/32,Condulet Mark 9 (copper-free aluminum)
Crouse-Hinds,M9,LR,1,1,LR39,6.09375,1.875,2.6875,1.375,4.5625,,,CH1F-2022,p.11 (PDF p.5),"https://www.eaton.com/content/dam/eaton/products/conduit-cable-and-wire-management/crouse-hinds/catalog-pages/crouse-hinds-form8-mark9-catalog-page.pdf p.11, Condulet Mark 9 LL & LR dimension table (copy read: https://safsale.com/image/catalog/pdf-seo/79/eaton-crouse-hinds-lb58-1-1-2-inch-iron-alloy-threaded-rigid-conduit-body-51419-brochure.pdf)",a=6 3/32; b=1 7/8; c=2 11/16; d=1 3/8; e=4 9/16,Condulet Mark 9 (copper-free aluminum)
Crouse-Hinds,M9,LR,1-1/4,1.25,LR49,7.09375,2.5,3.25,1.875,5.1875,,,CH1F-2022,p.11 (PDF p.5),"https://www.eaton.com/content/dam/eaton/products/conduit-cable-and-wire-management/crouse-hinds/catalog-pages/crouse-hinds-form8-mark9-catalog-page.pdf p.11, Condulet Mark 9 LL & LR dimension table (copy read: https://safsale.com/image/catalog/pdf-seo/79/eaton-crouse-hinds-lb58-1-1-2-inch-iron-alloy-threaded-rigid-conduit-body-51419-brochure.pdf)",a=7 3/32; b=2 1/2; c=3 1/4; d=1 7/8; e=5 3/16,Condulet Mark 9 (copper-free aluminum)
Crouse-Hinds,M9,LR,1-1/2,1.5,LR59,7.796875,2.8125,3.5,2.1875,5.875,,,CH1F-2022,p.11 (PDF p.5),"https://www.eaton.com/content/dam/eaton/products/conduit-cable-and-wire-management/crouse-hinds/catalog-pages/crouse-hinds-form8-mark9-catalog-page.pdf p.11, Condulet Mark 9 LL & LR dimension table (copy read: https://safsale.com/image/catalog/pdf-seo/79/eaton-crouse-hinds-lb58-1-1-2-inch-iron-alloy-threaded-rigid-conduit-body-51419-brochure.pdf)",a=7 51/64; b=2 13/16; c=3 1/2; d=2 3/16; e=5 7/8,Condulet Mark 9 (copper-free aluminum); a = 7 51/64 as published (LB/C same size 7 25/32 / 8 11/32)
Crouse-Hinds,M9,LR,2,2,LR69,10.09375,3.4375,4.203125,2.90625,8.09375,,,CH1F-2022,p.11 (PDF p.5),"https://www.eaton.com/content/dam/eaton/products/conduit-cable-and-wire-management/crouse-hinds/catalog-pages/crouse-hinds-form8-mark9-catalog-page.pdf p.11, Condulet Mark 9 LL & LR dimension table (copy read: https://safsale.com/image/catalog/pdf-seo/79/eaton-crouse-hinds-lb58-1-1-2-inch-iron-alloy-threaded-rigid-conduit-body-51419-brochure.pdf)",a=10 3/32; b=3 7/16; c=4 13/64; d=2 29/32; e=8 3/32,Condulet Mark 9 (copper-free aluminum)
Crouse-Hinds,M9,LR,2-1/2,2.5,LR789,13.9375,4.4375,6.6875,4.25,10.875,,,CH1F-2022,p.11 (PDF p.5),"https://www.eaton.com/content/dam/eaton/products/conduit-cable-and-wire-management/crouse-hinds/catalog-pages/crouse-hinds-form8-mark9-catalog-page.pdf p.11, Condulet Mark 9 LL & LR dimension table (copy read: https://safsale.com/image/catalog/pdf-seo/79/eaton-crouse-hinds-lb58-1-1-2-inch-iron-alloy-threaded-rigid-conduit-body-51419-brochure.pdf)",a=13 15/16; b=4 7/16; c=6 11/16; d=4 1/4; e=10 7/8,Condulet Mark 9 (copper-free aluminum)
Crouse-Hinds,M9,LR,3,3,LR889,13.9375,4.8125,6.6875,4.25,10.875,,,CH1F-2022,p.11 (PDF p.5),"https://www.eaton.com/content/dam/eaton/products/conduit-cable-and-wire-management/crouse-hinds/catalog-pages/crouse-hinds-form8-mark9-catalog-page.pdf p.11, Condulet Mark 9 LL & LR dimension table (copy read: https://safsale.com/image/catalog/pdf-seo/79/eaton-crouse-hinds-lb58-1-1-2-inch-iron-alloy-threaded-rigid-conduit-body-51419-brochure.pdf)",a=13 15/16; b=4 13/16; c=6 11/16; d=4 1/4; e=10 7/8,Condulet Mark 9 (copper-free aluminum)
Crouse-Hinds,M9,LR,3-1/2,3.5,LR989,16.875,5.6875,8.125,5.4375,13.4375,,,CH1F-2022,p.11 (PDF p.5),"https://www.eaton.com/content/dam/eaton/products/conduit-cable-and-wire-management/crouse-hinds/catalog-pages/crouse-hinds-form8-mark9-catalog-page.pdf p.11, Condulet Mark 9 LL & LR dimension table (copy read: https://safsale.com/image/catalog/pdf-seo/79/eaton-crouse-hinds-lb58-1-1-2-inch-iron-alloy-threaded-rigid-conduit-body-51419-brochure.pdf)",a=16 7/8; b=5 11/16; c=8 1/8; d=5 7/16; e=13 7/16,Condulet Mark 9 (copper-free aluminum)
Crouse-Hinds,M9,LR,4,4,LR1089,16.875,5.9375,8.125,5.4375,13.4375,,,CH1F-2022,p.11 (PDF p.5),"https://www.eaton.com/content/dam/eaton/products/conduit-cable-and-wire-management/crouse-hinds/catalog-pages/crouse-hinds-form8-mark9-catalog-page.pdf p.11, Condulet Mark 9 LL & LR dimension table (copy read: https://safsale.com/image/catalog/pdf-seo/79/eaton-crouse-hinds-lb58-1-1-2-inch-iron-alloy-threaded-rigid-conduit-body-51419-brochure.pdf)",a=16 7/8; b=5 15/16; c=8 1/8; d=5 7/16; e=13 7/16,Condulet Mark 9 (copper-free aluminum)
Crouse-Hinds,M9,T,1/2,0.5,T19,5,1.40625,2.125,1.0625,3.28125,,,CH1F-2022,p.12 (PDF p.6),"https://www.eaton.com/content/dam/eaton/products/conduit-cable-and-wire-management/crouse-hinds/catalog-pages/crouse-hinds-form8-mark9-catalog-page.pdf p.12, Condulet Mark 9 T dimension table (copy read: https://safsale.com/image/catalog/pdf-seo/79/eaton-crouse-hinds-lb58-1-1-2-inch-iron-alloy-threaded-rigid-conduit-body-51419-brochure.pdf)",a=5; b=1 13/32; c=2 1/8; d=1 1/16; e=3 9/32,Condulet Mark 9 (copper-free aluminum)
Crouse-Hinds,M9,T,3/4,0.75,T29,5.6875,1.625,2.3125,1.25,3.84375,,,CH1F-2022,p.12 (PDF p.6),"https://www.eaton.com/content/dam/eaton/products/conduit-cable-and-wire-management/crouse-hinds/catalog-pages/crouse-hinds-form8-mark9-catalog-page.pdf p.12, Condulet Mark 9 T dimension table (copy read: https://safsale.com/image/catalog/pdf-seo/79/eaton-crouse-hinds-lb58-1-1-2-inch-iron-alloy-threaded-rigid-conduit-body-51419-brochure.pdf)",a=5 11/16; b=1 5/8; c=2 5/16; d=1 1/4; e=3 27/32,Condulet Mark 9 (copper-free aluminum)
Crouse-Hinds,M9,T,1,1,T39,6.59375,1.875,2.6875,1.375,4.5625,,,CH1F-2022,p.12 (PDF p.6),"https://www.eaton.com/content/dam/eaton/products/conduit-cable-and-wire-management/crouse-hinds/catalog-pages/crouse-hinds-form8-mark9-catalog-page.pdf p.12, Condulet Mark 9 T dimension table (copy read: https://safsale.com/image/catalog/pdf-seo/79/eaton-crouse-hinds-lb58-1-1-2-inch-iron-alloy-threaded-rigid-conduit-body-51419-brochure.pdf)",a=6 19/32; b=1 7/8; c=2 11/16; d=1 3/8; e=4 9/16,Condulet Mark 9 (copper-free aluminum)
Crouse-Hinds,M9,T,1-1/4,1.25,T49,7.625,2.5,3.25,1.875,5.1875,,,CH1F-2022,p.12 (PDF p.6),"https://www.eaton.com/content/dam/eaton/products/conduit-cable-and-wire-management/crouse-hinds/catalog-pages/crouse-hinds-form8-mark9-catalog-page.pdf p.12, Condulet Mark 9 T dimension table (copy read: https://safsale.com/image/catalog/pdf-seo/79/eaton-crouse-hinds-lb58-1-1-2-inch-iron-alloy-threaded-rigid-conduit-body-51419-brochure.pdf)",a=7 5/8; b=2 1/2; c=3 1/4; d=1 7/8; e=5 3/16,Condulet Mark 9 (copper-free aluminum)
Crouse-Hinds,M9,T,1-1/2,1.5,T59,8.34375,2.8125,3.5,2.1875,5.875,,,CH1F-2022,p.12 (PDF p.6),"https://www.eaton.com/content/dam/eaton/products/conduit-cable-and-wire-management/crouse-hinds/catalog-pages/crouse-hinds-form8-mark9-catalog-page.pdf p.12, Condulet Mark 9 T dimension table (copy read: https://safsale.com/image/catalog/pdf-seo/79/eaton-crouse-hinds-lb58-1-1-2-inch-iron-alloy-threaded-rigid-conduit-body-51419-brochure.pdf)",a=8 11/32; b=2 13/16; c=3 1/2; d=2 3/16; e=5 7/8,Condulet Mark 9 (copper-free aluminum)
Crouse-Hinds,M9,T,2,2,T69,10.625,3.4375,4.40625,2.90625,8.09375,,,CH1F-2022,p.12 (PDF p.6),"https://www.eaton.com/content/dam/eaton/products/conduit-cable-and-wire-management/crouse-hinds/catalog-pages/crouse-hinds-form8-mark9-catalog-page.pdf p.12, Condulet Mark 9 T dimension table (copy read: https://safsale.com/image/catalog/pdf-seo/79/eaton-crouse-hinds-lb58-1-1-2-inch-iron-alloy-threaded-rigid-conduit-body-51419-brochure.pdf)",a=10 5/8; b=3 7/16; c=4 13/32; d=2 29/32; e=8 3/32,Condulet Mark 9 (copper-free aluminum)
Crouse-Hinds,M9,T,2-1/2,2.5,T789,15.625,4.4375,6.6875,4.25,10.875,,,CH1F-2022,p.12 (PDF p.6),"https://www.eaton.com/content/dam/eaton/products/conduit-cable-and-wire-management/crouse-hinds/catalog-pages/crouse-hinds-form8-mark9-catalog-page.pdf p.12, Condulet Mark 9 T dimension table (copy read: https://safsale.com/image/catalog/pdf-seo/79/eaton-crouse-hinds-lb58-1-1-2-inch-iron-alloy-threaded-rigid-conduit-body-51419-brochure.pdf)",a=15 5/8; b=4 7/16; c=6 11/16; d=4 1/4; e=10 7/8,Condulet Mark 9 (copper-free aluminum)
Crouse-Hinds,M9,T,3,3,T889,15.625,4.8125,6.6875,4.25,10.875,,,CH1F-2022,p.12 (PDF p.6),"https://www.eaton.com/content/dam/eaton/products/conduit-cable-and-wire-management/crouse-hinds/catalog-pages/crouse-hinds-form8-mark9-catalog-page.pdf p.12, Condulet Mark 9 T dimension table (copy read: https://safsale.com/image/catalog/pdf-seo/79/eaton-crouse-hinds-lb58-1-1-2-inch-iron-alloy-threaded-rigid-conduit-body-51419-brochure.pdf)",a=15 5/8; b=4 13/16; c=6 11/16; d=4 1/4; e=10 7/8,Condulet Mark 9 (copper-free aluminum)
Crouse-Hinds,M9,T,3-1/2,3.5,T989,18.75,5.6875,8.125,5.4375,13.4375,,,CH1F-2022,p.12 (PDF p.6),"https://www.eaton.com/content/dam/eaton/products/conduit-cable-and-wire-management/crouse-hinds/catalog-pages/crouse-hinds-form8-mark9-catalog-page.pdf p.12, Condulet Mark 9 T dimension table (copy read: https://safsale.com/image/catalog/pdf-seo/79/eaton-crouse-hinds-lb58-1-1-2-inch-iron-alloy-threaded-rigid-conduit-body-51419-brochure.pdf)",a=18 3/4; b=5 11/16; c=8 1/8; d=5 7/16; e=13 7/16,Condulet Mark 9 (copper-free aluminum)
Crouse-Hinds,M9,T,4,4,T1089,18.75,5.9375,8.125,5.4375,13.4375,,,CH1F-2022,p.12 (PDF p.6),"https://www.eaton.com/content/dam/eaton/products/conduit-cable-and-wire-management/crouse-hinds/catalog-pages/crouse-hinds-form8-mark9-catalog-page.pdf p.12, Condulet Mark 9 T dimension table (copy read: https://safsale.com/image/catalog/pdf-seo/79/eaton-crouse-hinds-lb58-1-1-2-inch-iron-alloy-threaded-rigid-conduit-body-51419-brochure.pdf)",a=18 3/4; b=5 15/16; c=8 1/8; d=5 7/16; e=13 7/16,Condulet Mark 9 (copper-free aluminum)
Crouse-Hinds,M9,TB,1/2,0.5,TB19,5.6875,2.515625,1.375,1,3.3125,,,CH1F-2022,p.12 (PDF p.6),"https://www.eaton.com/content/dam/eaton/products/conduit-cable-and-wire-management/crouse-hinds/catalog-pages/crouse-hinds-form8-mark9-catalog-page.pdf p.12, Condulet Mark 9 TB dimension table (copy read: https://safsale.com/image/catalog/pdf-seo/79/eaton-crouse-hinds-lb58-1-1-2-inch-iron-alloy-threaded-rigid-conduit-body-51419-brochure.pdf)",a=5 11/16; b=2 33/64; c=1 3/8; d=1; e=3 5/16,Condulet Mark 9 (copper-free aluminum)
Crouse-Hinds,M9,TB,3/4,0.75,TB29,6.5625,2.875,1.625,1.1875,3.9375,,,CH1F-2022,p.12 (PDF p.6),"https://www.eaton.com/content/dam/eaton/products/conduit-cable-and-wire-management/crouse-hinds/catalog-pages/crouse-hinds-form8-mark9-catalog-page.pdf p.12, Condulet Mark 9 TB dimension table (copy read: https://safsale.com/image/catalog/pdf-seo/79/eaton-crouse-hinds-lb58-1-1-2-inch-iron-alloy-threaded-rigid-conduit-body-51419-brochure.pdf)",a=6 9/16; b=2 7/8; c=1 5/8; d=1 3/16; e=3 15/16,Condulet Mark 9 (copper-free aluminum)
Crouse-Hinds,M9,TB,1,1,TB39,7.3125,3.125,1.75,1.375,4.5625,,,CH1F-2022,p.12 (PDF p.6),"https://www.eaton.com/content/dam/eaton/products/conduit-cable-and-wire-management/crouse-hinds/catalog-pages/crouse-hinds-form8-mark9-catalog-page.pdf p.12, Condulet Mark 9 TB dimension table (copy read: https://safsale.com/image/catalog/pdf-seo/79/eaton-crouse-hinds-lb58-1-1-2-inch-iron-alloy-threaded-rigid-conduit-body-51419-brochure.pdf)",a=7 5/16; b=3 1/8; c=1 3/4; d=1 3/8; e=4 9/16,Condulet Mark 9 (copper-free aluminum)
Crouse-Hinds,M9,TB,1-1/4,1.25,TB49,8.5,3.34375,2.1875,1.75,5.3125,,,CH1F-2022,p.12 (PDF p.6),"https://www.eaton.com/content/dam/eaton/products/conduit-cable-and-wire-management/crouse-hinds/catalog-pages/crouse-hinds-form8-mark9-catalog-page.pdf p.12, Condulet Mark 9 TB dimension table (copy read: https://safsale.com/image/catalog/pdf-seo/79/eaton-crouse-hinds-lb58-1-1-2-inch-iron-alloy-threaded-rigid-conduit-body-51419-brochure.pdf)",a=8 1/2; b=3 11/32; c=2 3/16; d=1 3/4; e=5 5/16,Condulet Mark 9 (copper-free aluminum)
Crouse-Hinds,M9,TB,1-1/2,1.5,TB59,8.34375,3.875,2.5,2.1875,5.875,,,CH1F-2022,p.12 (PDF p.6),"https://www.eaton.com/content/dam/eaton/products/conduit-cable-and-wire-management/crouse-hinds/catalog-pages/crouse-hinds-form8-mark9-catalog-page.pdf p.12, Condulet Mark 9 TB dimension table (copy read: https://safsale.com/image/catalog/pdf-seo/79/eaton-crouse-hinds-lb58-1-1-2-inch-iron-alloy-threaded-rigid-conduit-body-51419-brochure.pdf)",a=8 11/32; b=3 7/8; c=2 1/2; d=2 3/16; e=5 7/8,Condulet Mark 9 (copper-free aluminum)
Crouse-Hinds,M9,TB,2,2,TB69,10.625,4.59375,3.21875,2.8125,8.09375,,,CH1F-2022,p.12 (PDF p.6),"https://www.eaton.com/content/dam/eaton/products/conduit-cable-and-wire-management/crouse-hinds/catalog-pages/crouse-hinds-form8-mark9-catalog-page.pdf p.12, Condulet Mark 9 TB dimension table (copy read: https://safsale.com/image/catalog/pdf-seo/79/eaton-crouse-hinds-lb58-1-1-2-inch-iron-alloy-threaded-rigid-conduit-body-51419-brochure.pdf)",a=10 5/8; b=4 19/32; c=3 7/32; d=2 13/16; e=8 3/32,Condulet Mark 9 (copper-free aluminum)
