ConduitCode,ConduitDesc,TradeSize,TradeSizeDec,OD_in,Source
1,Rigid Steel Conduit,1/2,0.5,0.84,"https://www.wheatland.com/wp-content/uploads/2018/11/Rigid-Metal-Conduit-Submittal-Sheet.pdf (Wheatland RMC, ANSI C80.1 nominal OD)"
1,Rigid Steel Conduit,3/4,0.75,1.05,"https://www.wheatland.com/wp-content/uploads/2018/11/Rigid-Metal-Conduit-Submittal-Sheet.pdf (Wheatland RMC, ANSI C80.1 nominal OD)"
1,Rigid Steel Conduit,1,1,1.315,"https://www.wheatland.com/wp-content/uploads/2018/11/Rigid-Metal-Conduit-Submittal-Sheet.pdf (Wheatland RMC, ANSI C80.1 nominal OD)"
1,Rigid Steel Conduit,1-1/4,1.25,1.66,"https://www.wheatland.com/wp-content/uploads/2018/11/Rigid-Metal-Conduit-Submittal-Sheet.pdf (Wheatland RMC, ANSI C80.1 nominal OD)"
1,Rigid Steel Conduit,1-1/2,1.5,1.9,"https://www.wheatland.com/wp-content/uploads/2018/11/Rigid-Metal-Conduit-Submittal-Sheet.pdf (Wheatland RMC, ANSI C80.1 nominal OD)"
1,Rigid Steel Conduit,2,2,2.375,"https://www.wheatland.com/wp-content/uploads/2018/11/Rigid-Metal-Conduit-Submittal-Sheet.pdf (Wheatland RMC, ANSI C80.1 nominal OD)"
1,Rigid Steel Conduit,2-1/2,2.5,2.875,"https://www.wheatland.com/wp-content/uploads/2018/11/Rigid-Metal-Conduit-Submittal-Sheet.pdf (Wheatland RMC, ANSI C80.1 nominal OD)"
1,Rigid Steel Conduit,3,3,3.5,"https://www.wheatland.com/wp-content/uploads/2018/11/Rigid-Metal-Conduit-Submittal-Sheet.pdf (Wheatland RMC, ANSI C80.1 nominal OD)"
1,Rigid Steel Conduit,3-1/2,3.5,4,"https://www.wheatland.com/wp-content/uploads/2018/11/Rigid-Metal-Conduit-Submittal-Sheet.pdf (Wheatland RMC, ANSI C80.1 nominal OD)"
1,Rigid Steel Conduit,4,4,4.5,"https://www.wheatland.com/wp-content/uploads/2018/11/Rigid-Metal-Conduit-Submittal-Sheet.pdf (Wheatland RMC, ANSI C80.1 nominal OD)"
1,Rigid Steel Conduit,5,5,5.563,"https://www.wheatland.com/wp-content/uploads/2018/11/Rigid-Metal-Conduit-Submittal-Sheet.pdf (Wheatland RMC, ANSI C80.1 nominal OD)"
1,Rigid Steel Conduit,6,6,6.625,"https://www.wheatland.com/wp-content/uploads/2018/11/Rigid-Metal-Conduit-Submittal-Sheet.pdf (Wheatland RMC, ANSI C80.1 nominal OD)"
2,Plastic Coated Rigid Steel Conduit,1/2,0.5,0.92,"https://assets.usesi.com/product-media/brochures/USESI_479720_brochure.pdf (Robroy Plasti-Bond PRHCONDUIT buyers guide, 'Outside Diameter With Coating', 40 mil PVC)"
2,Plastic Coated Rigid Steel Conduit,3/4,0.75,1.13,"https://assets.usesi.com/product-media/brochures/USESI_479720_brochure.pdf (Robroy Plasti-Bond PRHCONDUIT buyers guide, 'Outside Diameter With Coating', 40 mil PVC)"
2,Plastic Coated Rigid Steel Conduit,1,1,1.395,"https://assets.usesi.com/product-media/brochures/USESI_479720_brochure.pdf (Robroy Plasti-Bond PRHCONDUIT buyers guide, 'Outside Diameter With Coating', 40 mil PVC)"
2,Plastic Coated Rigid Steel Conduit,1-1/4,1.25,1.74,"https://assets.usesi.com/product-media/brochures/USESI_479720_brochure.pdf (Robroy Plasti-Bond PRHCONDUIT buyers guide, 'Outside Diameter With Coating', 40 mil PVC)"
2,Plastic Coated Rigid Steel Conduit,1-1/2,1.5,1.98,"https://assets.usesi.com/product-media/brochures/USESI_479720_brochure.pdf (Robroy Plasti-Bond PRHCONDUIT buyers guide, 'Outside Diameter With Coating', 40 mil PVC)"
2,Plastic Coated Rigid Steel Conduit,2,2,2.455,"https://assets.usesi.com/product-media/brochures/USESI_479720_brochure.pdf (Robroy Plasti-Bond PRHCONDUIT buyers guide, 'Outside Diameter With Coating', 40 mil PVC)"
2,Plastic Coated Rigid Steel Conduit,2-1/2,2.5,2.955,"https://assets.usesi.com/product-media/brochures/USESI_479720_brochure.pdf (Robroy Plasti-Bond PRHCONDUIT buyers guide, 'Outside Diameter With Coating', 40 mil PVC)"
2,Plastic Coated Rigid Steel Conduit,3,3,3.58,"https://assets.usesi.com/product-media/brochures/USESI_479720_brochure.pdf (Robroy Plasti-Bond PRHCONDUIT buyers guide, 'Outside Diameter With Coating', 40 mil PVC)"
2,Plastic Coated Rigid Steel Conduit,3-1/2,3.5,4.08,"https://assets.usesi.com/product-media/brochures/USESI_479720_brochure.pdf (Robroy Plasti-Bond PRHCONDUIT buyers guide, 'Outside Diameter With Coating', 40 mil PVC)"
2,Plastic Coated Rigid Steel Conduit,4,4,4.58,"https://assets.usesi.com/product-media/brochures/USESI_479720_brochure.pdf (Robroy Plasti-Bond PRHCONDUIT buyers guide, 'Outside Diameter With Coating', 40 mil PVC)"
2,Plastic Coated Rigid Steel Conduit,5,5,5.643,"https://assets.usesi.com/product-media/brochures/USESI_479720_brochure.pdf (Robroy Plasti-Bond PRHCONDUIT buyers guide, 'Outside Diameter With Coating', 40 mil PVC)"
2,Plastic Coated Rigid Steel Conduit,6,6,6.705,"https://assets.usesi.com/product-media/brochures/USESI_479720_brochure.pdf (Robroy Plasti-Bond PRHCONDUIT buyers guide, 'Outside Diameter With Coating', 40 mil PVC)"
3,Rigid Non-Metalic Conduit,1/2,0.5,0.84,"https://pvcelectrical.cantexinc.com/CANTEX_Sell_Sheets/CANTEX-Schedule-40-and-80-Conduit-Sell-Sheet.pdf (Cantex Sch 40, UL 651 / NEMA TC-2 OD)"
3,Rigid Non-Metalic Conduit,3/4,0.75,1.05,"https://pvcelectrical.cantexinc.com/CANTEX_Sell_Sheets/CANTEX-Schedule-40-and-80-Conduit-Sell-Sheet.pdf (Cantex Sch 40, UL 651 / NEMA TC-2 OD)"
3,Rigid Non-Metalic Conduit,1,1,1.315,"https://pvcelectrical.cantexinc.com/CANTEX_Sell_Sheets/CANTEX-Schedule-40-and-80-Conduit-Sell-Sheet.pdf (Cantex Sch 40, UL 651 / NEMA TC-2 OD)"
3,Rigid Non-Metalic Conduit,1-1/4,1.25,1.66,"https://pvcelectrical.cantexinc.com/CANTEX_Sell_Sheets/CANTEX-Schedule-40-and-80-Conduit-Sell-Sheet.pdf (Cantex Sch 40, UL 651 / NEMA TC-2 OD)"
3,Rigid Non-Metalic Conduit,1-1/2,1.5,1.9,"https://pvcelectrical.cantexinc.com/CANTEX_Sell_Sheets/CANTEX-Schedule-40-and-80-Conduit-Sell-Sheet.pdf (Cantex Sch 40, UL 651 / NEMA TC-2 OD)"
3,Rigid Non-Metalic Conduit,2,2,2.375,"https://pvcelectrical.cantexinc.com/CANTEX_Sell_Sheets/CANTEX-Schedule-40-and-80-Conduit-Sell-Sheet.pdf (Cantex Sch 40, UL 651 / NEMA TC-2 OD)"
3,Rigid Non-Metalic Conduit,2-1/2,2.5,2.875,"https://pvcelectrical.cantexinc.com/CANTEX_Sell_Sheets/CANTEX-Schedule-40-and-80-Conduit-Sell-Sheet.pdf (Cantex Sch 40, UL 651 / NEMA TC-2 OD)"
3,Rigid Non-Metalic Conduit,3,3,3.5,"https://pvcelectrical.cantexinc.com/CANTEX_Sell_Sheets/CANTEX-Schedule-40-and-80-Conduit-Sell-Sheet.pdf (Cantex Sch 40, UL 651 / NEMA TC-2 OD)"
3,Rigid Non-Metalic Conduit,3-1/2,3.5,4,"https://pvcelectrical.cantexinc.com/CANTEX_Sell_Sheets/CANTEX-Schedule-40-and-80-Conduit-Sell-Sheet.pdf (Cantex Sch 40, UL 651 / NEMA TC-2 OD)"
3,Rigid Non-Metalic Conduit,4,4,4.5,"https://pvcelectrical.cantexinc.com/CANTEX_Sell_Sheets/CANTEX-Schedule-40-and-80-Conduit-Sell-Sheet.pdf (Cantex Sch 40, UL 651 / NEMA TC-2 OD)"
3,Rigid Non-Metalic Conduit,5,5,5.563,"https://pvcelectrical.cantexinc.com/CANTEX_Sell_Sheets/CANTEX-Schedule-40-and-80-Conduit-Sell-Sheet.pdf (Cantex Sch 40, UL 651 / NEMA TC-2 OD)"
3,Rigid Non-Metalic Conduit,6,6,6.625,"https://pvcelectrical.cantexinc.com/CANTEX_Sell_Sheets/CANTEX-Schedule-40-and-80-Conduit-Sell-Sheet.pdf (Cantex Sch 40, UL 651 / NEMA TC-2 OD)"
4,Electrical Metalic Tubing,1/2,0.5,0.706,"https://images.blazerelectricsupply.com/specsheets/EMT3.pdf (Allied Tube EMT spec sheet, ANSI C80.3 OD)"
4,Electrical Metalic Tubing,3/4,0.75,0.922,"https://images.blazerelectricsupply.com/specsheets/EMT3.pdf (Allied Tube EMT spec sheet, ANSI C80.3 OD)"
4,Electrical Metalic Tubing,1,1,1.163,"https://images.blazerelectricsupply.com/specsheets/EMT3.pdf (Allied Tube EMT spec sheet, ANSI C80.3 OD)"
4,Electrical Metalic Tubing,1-1/4,1.25,1.51,"https://images.blazerelectricsupply.com/specsheets/EMT3.pdf (Allied Tube EMT spec sheet, ANSI C80.3 OD)"
4,Electrical Metalic Tubing,1-1/2,1.5,1.74,"https://images.blazerelectricsupply.com/specsheets/EMT3.pdf (Allied Tube EMT spec sheet, ANSI C80.3 OD)"
4,Electrical Metalic Tubing,2,2,2.197,"https://images.blazerelectricsupply.com/specsheets/EMT3.pdf (Allied Tube EMT spec sheet, ANSI C80.3 OD)"
4,Electrical Metalic Tubing,2-1/2,2.5,2.875,"https://images.blazerelectricsupply.com/specsheets/EMT3.pdf (Allied Tube EMT spec sheet, ANSI C80.3 OD)"
4,Electrical Metalic Tubing,3,3,3.5,"https://images.blazerelectricsupply.com/specsheets/EMT3.pdf (Allied Tube EMT spec sheet, ANSI C80.3 OD)"
4,Electrical Metalic Tubing,3-1/2,3.5,4,"https://images.blazerelectricsupply.com/specsheets/EMT3.pdf (Allied Tube EMT spec sheet, ANSI C80.3 OD)"
4,Electrical Metalic Tubing,4,4,4.5,"https://images.blazerelectricsupply.com/specsheets/EMT3.pdf (Allied Tube EMT spec sheet, ANSI C80.3 OD)"
5,Electrical Non-Metalic Tubing,1/2,0.5,0.84,"https://assets.usesi.com/product-media/catalogs/USESI_12171_catalog.pdf (Carlon ENT Application Handbook, Flex-Plus Blue ENT O.D. table)"
5,Electrical Non-Metalic Tubing,3/4,0.75,1.05,"https://assets.usesi.com/product-media/catalogs/USESI_12171_catalog.pdf (Carlon ENT Application Handbook, Flex-Plus Blue ENT O.D. table)"
5,Electrical Non-Metalic Tubing,1,1,1.315,"https://assets.usesi.com/product-media/catalogs/USESI_12171_catalog.pdf (Carlon ENT Application Handbook, Flex-Plus Blue ENT O.D. table)"
5,Electrical Non-Metalic Tubing,1-1/4,1.25,1.66,"https://assets.usesi.com/product-media/catalogs/USESI_12171_catalog.pdf (Carlon ENT Application Handbook, Flex-Plus Blue ENT O.D. table)"
5,Electrical Non-Metalic Tubing,1-1/2,1.5,1.9,"https://assets.usesi.com/product-media/catalogs/USESI_12171_catalog.pdf (Carlon ENT Application Handbook, Flex-Plus Blue ENT O.D. table)"
5,Electrical Non-Metalic Tubing,2,2,2.375,"https://assets.usesi.com/product-media/catalogs/USESI_12171_catalog.pdf (Carlon ENT Application Handbook, Flex-Plus Blue ENT O.D. table)"
6,Intermediate Metal Conduit,1/2,0.5,0.815,"https://www.cpesupply.com/ASSETS/DOCUMENTS/ITEMS/EN/Allied_Tube_Conduit_2IMC_Specification_Sheet.pdf (Allied Tube IMC, ANSI C80.6 OD)"
6,Intermediate Metal Conduit,3/4,0.75,1.029,"https://www.cpesupply.com/ASSETS/DOCUMENTS/ITEMS/EN/Allied_Tube_Conduit_2IMC_Specification_Sheet.pdf (Allied Tube IMC, ANSI C80.6 OD)"
6,Intermediate Metal Conduit,1,1,1.29,"https://www.cpesupply.com/ASSETS/DOCUMENTS/ITEMS/EN/Allied_Tube_Conduit_2IMC_Specification_Sheet.pdf (Allied Tube IMC, ANSI C80.6 OD)"
6,Intermediate Metal Conduit,1-1/4,1.25,1.638,"https://www.cpesupply.com/ASSETS/DOCUMENTS/ITEMS/EN/Allied_Tube_Conduit_2IMC_Specification_Sheet.pdf (Allied Tube IMC, ANSI C80.6 OD)"
6,Intermediate Metal Conduit,1-1/2,1.5,1.883,"https://www.cpesupply.com/ASSETS/DOCUMENTS/ITEMS/EN/Allied_Tube_Conduit_2IMC_Specification_Sheet.pdf (Allied Tube IMC, ANSI C80.6 OD)"
6,Intermediate Metal Conduit,2,2,2.36,"https://www.cpesupply.com/ASSETS/DOCUMENTS/ITEMS/EN/Allied_Tube_Conduit_2IMC_Specification_Sheet.pdf (Allied Tube IMC, ANSI C80.6 OD)"
6,Intermediate Metal Conduit,2-1/2,2.5,2.857,"https://www.cpesupply.com/ASSETS/DOCUMENTS/ITEMS/EN/Allied_Tube_Conduit_2IMC_Specification_Sheet.pdf (Allied Tube IMC, ANSI C80.6 OD)"
6,Intermediate Metal Conduit,3,3,3.476,"https://www.cpesupply.com/ASSETS/DOCUMENTS/ITEMS/EN/Allied_Tube_Conduit_2IMC_Specification_Sheet.pdf (Allied Tube IMC, ANSI C80.6 OD)"
6,Intermediate Metal Conduit,3-1/2,3.5,3.971,"https://www.cpesupply.com/ASSETS/DOCUMENTS/ITEMS/EN/Allied_Tube_Conduit_2IMC_Specification_Sheet.pdf (Allied Tube IMC, ANSI C80.6 OD)"
6,Intermediate Metal Conduit,4,4,4.466,"https://www.cpesupply.com/ASSETS/DOCUMENTS/ITEMS/EN/Allied_Tube_Conduit_2IMC_Specification_Sheet.pdf (Allied Tube IMC, ANSI C80.6 OD)"
7,Plastic Coated Flexable Metalic Conduit,3/8,0.375,0.71,"http://flexiblewiringconduits.anacondasealtite.com/Asset/AEI%20CAT%202013_UA.pdf (Anaconda Sealtite Type UA LFMC; OD range min-max, MAX stored)"
7,Plastic Coated Flexable Metalic Conduit,1/2,0.5,0.84,"http://flexiblewiringconduits.anacondasealtite.com/Asset/AEI%20CAT%202013_UA.pdf (Anaconda Sealtite Type UA LFMC; OD range min-max, MAX stored)"
7,Plastic Coated Flexable Metalic Conduit,3/4,0.75,1.05,"http://flexiblewiringconduits.anacondasealtite.com/Asset/AEI%20CAT%202013_UA.pdf (Anaconda Sealtite Type UA LFMC; OD range min-max, MAX stored)"
7,Plastic Coated Flexable Metalic Conduit,1,1,1.315,"http://flexiblewiringconduits.anacondasealtite.com/Asset/AEI%20CAT%202013_UA.pdf (Anaconda Sealtite Type UA LFMC; OD range min-max, MAX stored)"
7,Plastic Coated Flexable Metalic Conduit,1-1/4,1.25,1.66,"http://flexiblewiringconduits.anacondasealtite.com/Asset/AEI%20CAT%202013_UA.pdf (Anaconda Sealtite Type UA LFMC; OD range min-max, MAX stored)"
7,Plastic Coated Flexable Metalic Conduit,1-1/2,1.5,1.9,"http://flexiblewiringconduits.anacondasealtite.com/Asset/AEI%20CAT%202013_UA.pdf (Anaconda Sealtite Type UA LFMC; OD range min-max, MAX stored)"
7,Plastic Coated Flexable Metalic Conduit,2,2,2.375,"http://flexiblewiringconduits.anacondasealtite.com/Asset/AEI%20CAT%202013_UA.pdf (Anaconda Sealtite Type UA LFMC; OD range min-max, MAX stored)"
7,Plastic Coated Flexable Metalic Conduit,2-1/2,2.5,2.875,"http://flexiblewiringconduits.anacondasealtite.com/Asset/AEI%20CAT%202013_UA.pdf (Anaconda Sealtite Type UA LFMC; OD range min-max, MAX stored)"
7,Plastic Coated Flexable Metalic Conduit,3,3,3.5,"http://flexiblewiringconduits.anacondasealtite.com/Asset/AEI%20CAT%202013_UA.pdf (Anaconda Sealtite Type UA LFMC; OD range min-max, MAX stored)"
7,Plastic Coated Flexable Metalic Conduit,3-1/2,3.5,4,"http://flexiblewiringconduits.anacondasealtite.com/Asset/AEI%20CAT%202013_UA.pdf (Anaconda Sealtite Type UA LFMC; OD range min-max, MAX stored)"
7,Plastic Coated Flexable Metalic Conduit,4,4,4.5,"http://flexiblewiringconduits.anacondasealtite.com/Asset/AEI%20CAT%202013_UA.pdf (Anaconda Sealtite Type UA LFMC; OD range min-max, MAX stored)"
