ITEMCODE,ITEMDESC,BodyKey
11,"Form 7 ""T"" condulet fitting",RGD|F7|T
12,"Form 8 ""T"" condulet fitting",RGD|F8|T
13,"Mark 9 ""T"" condulet fitting",RGD|M9|T
14,"Form 7 ""TB"" condulet fitting",RGD|F7|TB
15,"Form 8 ""TB"" condulet fitting",RGD|F8|TB
16,"Mark 9 ""TB"" condulet fitting",RGD|M9|TB
30,"Form 7 ""LB"" condulet fitting",RGD|F7|LB
31,"Form 8 ""LB"" condulet fitting",RGD|F8|LB
32,"Mark 9 ""LB"" condulet fitting",RGD|M9|LB
33,"Form 7 ""LL"" condulet fitting",RGD|F7|LL
34,"Form 8 ""LL"" condulet fitting",RGD|F8|LL
35,"Mark 9 ""LL"" condulet fitting",RGD|M9|LL
36,"Form 7 ""LR"" condulet fitting",RGD|F7|LR
37,"Form 8 ""LR"" condulet fitting",RGD|F8|LR
38,"Mark 9 ""LR"" condulet fitting",RGD|M9|LR
50,"Form 7 ""C"" condulet fitting",RGD|F7|C
51,"Form 8 ""C"" condulet fitting",RGD|F8|C
52,"Mark 9 ""C"" condulet fitting",RGD|M9|C
